id,date,temperature,weather,wind
1,2015/5/1,27℃/17℃,多云/中雨,东南风3-4级/东南风4-5级
2,2015/5/2,21℃/13℃,中雨/阴,东北风4-5级/西北风3-4级
3,2015/5/3,25℃/16℃,多云/多云,东北风≤3级/东北风≤3级
4,2015/5/4,24℃/13℃,阴/多云,东风3-4级/东风3-4级
5,2015/5/5,26℃/15℃,多云/阴,东南风3-4级/东南风≤3级
6,2015/5/6,24℃/16℃,阴/阴,东风≤3级/东北风≤3级
7,2015/5/7,28℃/18℃,多云/多云,南风≤3级/东风3-4级
8,2015/5/8,23℃/16℃,雷阵雨/阴,东风3-4级/东风3-4级
9,2015/5/9,25℃/16℃,多云/多云,东风≤3级/东南风3-4级
10,2015/5/10,26℃/15℃,多云/小到中雨,东南风3-4级/东南风3-4级
11,2015/5/11,20℃/12℃,小到中雨/多云,西北风4-5级/西风5-6级
12,2015/5/12,27℃/15℃,晴/晴,西南风5-6级/西南风4-5级
13,2015/5/13,29℃/19℃,晴/多云,西南风5-6级/西南风3-4级
14,2015/5/14,30℃/20℃,雷阵雨/雷阵雨,南风3-4级/西南风3-4级
15,2015/5/15,25℃/16℃,中雨/阴,西南风3-4级/东北风4-5级
16,2015/5/16,25℃/15℃,多云/多云,东风3-4级/东南风≤3级
17,2015/5/17,27℃/20℃,多云/雷阵雨,东南风3-4级/东南风3-4级
18,2015/5/18,25℃/20℃,阴/多云,西南风3-4级/南风≤3级
19,2015/5/19,30℃/20℃,雾/多云,东南风≤3级/东北风3-4级
20,2015/5/20,27℃/15℃,多云/多云,东北风3-4级/东风3-4级
21,2015/5/21,26℃/15℃,晴/多云,东南风3-4级/东南风3-4级
22,2015/5/22,27℃/18℃,多云/阴,东风≤3级/东风≤3级
23,2015/5/23,26℃/18℃,阴/多云,东风≤3级/东风≤3级
24,2015/5/24,28℃/18℃,多云/晴,东北风3-4级/东南风≤3级
25,2015/5/25,29℃/20℃,多云/多云,东风3-4级/东风3-4级
26,2015/5/26,28℃/20℃,多云/小雨,东南风3-4级/东南风3-4级
27,2015/5/27,23℃/19℃,雷阵雨/阴,东南风3-4级/东风≤3级
28,2015/5/28,26℃/21℃,阴/阴,东北风3-4级/东风≤3级
29,2015/5/29,27℃/20℃,雷阵雨/中雨,东风4-5级/北风3-4级
30,2015/5/30,27℃/19℃,多云/多云,北风3-4级/东风≤3级
31,2015/5/31,29℃/20℃,多云/多云,东风≤3级/东南风3-4级
32,2015/6/1,31℃/23℃,多云/小到中雨,东南风3-4级/东南风3-4级
33,2015/6/2,24℃/20℃,暴雨/小雨,东北风4-5级/东北风4-5级
34,2015/6/3,26℃/17℃,多云/多云,东北风4-5级/东南风3-4级
35,2015/6/4,26℃/18℃,多云/阴,东风3-4级/西风3-4级
36,2015/6/5,30℃/19℃,晴/多云,西南风3-4级/西南风≤3级
37,2015/6/6,32℃/21℃,多云/多云,南风3-4级/东南风3-4级
38,2015/6/7,27℃/21℃,雷阵雨/中到大雨,东南风3-4级/东风3-4级
39,2015/6/8,26℃/21℃,阴/多云,东北风3-4级/南风≤3级
40,2015/6/9,27℃/21℃,阴/阴,南风3-4级/南风3-4级
41,2015/6/10,28℃/23℃,雷阵雨/阴,南风3-4级/西南风3-4级
42,2015/6/11,31℃/22℃,多云/多云,西风4-5级/西南风4-5级
43,2015/6/12,34℃/23℃,多云/多云,西南风4-5级/西南风3-4级
44,2015/6/13,33℃/24℃,多云/多云,西南风3-4级/西南风≤3级
45,2015/6/14,31℃/23℃,多云/阴,南风≤3级/东南风≤3级
46,2015/6/15,28℃/21℃,雷阵雨/雷阵雨,东风≤3级/南风≤3级
47,2015/6/16,24℃/20℃,大雨/大到暴雨,东南风3-4级/东风3-4级
48,2015/6/17,23℃/19℃,中到大雨/阴,东北风4-5级/东风3-4级
49,2015/6/18,27℃/20℃,多云/多云,东北风3-4级/东南风≤3级
50,2015/6/19,30℃/21℃,晴/多云,东南风≤3级/东南风≤3级
51,2015/6/20,29℃/21℃,多云/阴,东北风≤3级/东北风3-4级
52,2015/6/21,27℃/21℃,阵雨/阴,东风3-4级/东风≤3级
53,2015/6/22,29℃/22℃,阴/多云,东南风3-4级/东风≤3级
54,2015/6/23,28℃/23℃,阴/雷阵雨,东风3-4级/东风3-4级
55,2015/6/24,27℃/25℃,雷阵雨/雷阵雨,东风≤3级/东南风≤3级
56,2015/6/25,30℃/22℃,中雨/中雨,西南风3-4级/西北风3-4级
57,2015/6/26,26℃/22℃,中雨/大雨,西南风3-4级/东南风3-4级
58,2015/6/27,24℃/20℃,暴雨/大到暴雨,东风3-4级/东风3-4级
59,2015/6/28,24℃/21℃,中到大雨/雷阵雨,东风3-4级/东南风3-4级
60,2015/6/29,28℃/23℃,雷阵雨/雷阵雨,西北风3-4级/西风3-4级
61,2015/6/30,27℃/21℃,中雨/雷阵雨,北风3-4级/北风3-4级
62,2015/7/1,28℃/21℃,多云/晴,西风≤3级/南风≤3级
63,2015/7/2,32℃/22℃,多云/多云,东南风≤3级/东南风≤3级
64,2015/7/3,30℃/22℃,多云/多云,东风≤3级/东风≤3级
65,2015/7/4,27℃/19℃,多云/多云,东南风3-4级/东风≤3级
66,2015/7/5,26℃/19℃,多云/阴,东风3-4级/东风3-4级
67,2015/7/6,21℃/18℃,小到中雨/中雨,东风3-4级/东北风4-5级
68,2015/7/7,23℃/19℃,小到中雨/阵雨,东北风4-5级/东北风3-4级
69,2015/7/8,23℃/20℃,小到中雨/雷阵雨,东北风3-4级/东北风3-4级
70,2015/7/9,26℃/23℃,阴/阴,东北风3-4级/东北风3-4级
71,2015/7/10,30℃/23℃,多云/雷阵雨,东北风4-5级/东北风4-5级
72,2015/7/11,28℃/23℃,中雨/小到中雨,东北风5-6级/北风5-6级
73,2015/7/12,30℃/24℃,阵雨/多云,西北风5-6级/西风4-5级
74,2015/7/13,34℃/24℃,多云/多云,西南风3-4级/西南风3-4级
75,2015/7/14,35℃/25℃,多云/多云,东风≤3级/东南风≤3级
76,2015/7/15,33℃/24℃,多云/阴,东风3-4级/东风3-4级
77,2015/7/16,29℃/23℃,雷阵雨/中雨,东风3-4级/东风3-4级
78,2015/7/17,26℃/23℃,大雨/中雨,东风3-4级/东南风≤3级
79,2015/7/18,27℃/24℃,雷阵雨/中雨,西风≤3级/东风3-4级
80,2015/7/19,26℃/23℃,雷阵雨/雷阵雨,东风3-4级/东北风≤3级
81,2015/7/20,30℃/24℃,阴/阴,东北风≤3级/东北风≤3级
82,2015/7/21,30℃/25℃,阴/阴,东北风≤3级/东风≤3级
83,2015/7/22,31℃/25℃,阴/阴,东风≤3级/东风≤3级
84,2015/7/23,30℃/25℃,雷阵雨/大雨,南风3-4级/东南风3-4级
85,2015/7/24,27℃/24℃,中雨/中到大雨,西南风3-4级/西南风3-4级
86,2015/7/25,29℃/25℃,中雨/雷阵雨,东南风≤3级/南风≤3级
87,2015/7/26,31℃/26℃,雷阵雨/多云,西南风3-4级/南风3-4级
88,2015/7/27,33℃/27℃,多云/多云,西南风3-4级/西南风3-4级
89,2015/7/28,35℃/27℃,晴/晴,西南风4-5级/西南风3-4级
90,2015/7/29,36℃/27℃,晴/晴,西南风4-5级/西南风3-4级
91,2015/7/30,35℃/27℃,晴/多云,西南风4-5级/南风3-4级
92,2015/7/31,35℃/27℃,多云/多云,西南风4-5级/南风≤3级
93,2015/8/1,35℃/27℃,多云/晴,西南风4-5级/南风3-4级
94,2015/8/2,37℃/28℃,晴/晴,西南风4-5级/西南风3-4级
95,2015/8/3,37℃/28℃,晴/晴,西南风4-5级/西南风3-4级
96,2015/8/4,37℃/29℃,晴/晴,西南风4-5级/南风≤3级
97,2015/8/5,36℃/27℃,多云/多云,西南风3-4级/东南风3-4级
98,2015/8/6,35℃/27℃,多云/多云,东南风3-4级/东风3-4级
99,2015/8/7,34℃/26℃,多云/多云,东风4-5级/东风3-4级
100,2015/8/8,32℃/25℃,雷阵雨/雷阵雨,东风4-5级/东风4-5级
101,2015/8/9,28℃/25℃,中雨/大雨,东风5-6级/东风5-6级
102,2015/8/10,27℃/24℃,暴雨/中雨,东风5-6级/南风5-6级
103,2015/8/11,27℃/23℃,多云/多云,西北风4-5级/北风3-4级
104,2015/8/12,28℃/24℃,多云/多云,东北风3-4级/东风≤3级
105,2015/8/13,31℃/23℃,多云/多云,东风3-4级/东风≤3级
106,2015/8/14,31℃/24℃,多云/阴,东南风3-4级/东南风≤3级
107,2015/8/15,31℃/24℃,雷阵雨/阴,东南风3-4级/东风≤3级
108,2015/8/16,31℃/23℃,多云/多云,东风≤3级/东风≤3级
109,2015/8/17,31℃/24℃,多云/多云,东风≤3级/东风3-4级
110,2015/8/18,30℃/24℃,多云/阴,东风3-4级/东风3-4级
111,2015/8/19,30℃/24℃,阴/暴雨,东风3-4级/东南风4-5级
112,2015/8/20,27℃/23℃,阵雨/阴,西风3-4级/北风3-4级
113,2015/8/21,28℃/23℃,阴/阴,北风3-4级/东风≤3级
114,2015/8/22,28℃/21℃,阴/多云,东北风3-4级/东风3-4级
115,2015/8/23,28℃/21℃,阴/阴,东北风3-4级/东北风3-4级
116,2015/8/24,27℃/21℃,阵雨/阴,东北风4-5级/北风4-5级
117,2015/8/25,29℃/22℃,多云/多云,西北风3-4级/西北风≤3级
118,2015/8/26,30℃/22℃,多云/多云,西风3-4级/西北风≤3级
119,2015/8/27,30℃/22℃,雷阵雨/多云,西北风≤3级/东北风≤3级
120,2015/8/28,30℃/21℃,多云/多云,东北风≤3级/东北风≤3级
121,2015/8/29,30℃/22℃,多云/多云,东北风≤3级/东风≤3级
122,2015/8/30,30℃/22℃,多云/多云,东风≤3级/东风3-4级
123,2015/8/31,31℃/22℃,多云/多云,东风≤3级/东风≤3级
124,2015/9/1,30℃/22℃,雷阵雨/阴,北风≤3级/西北风3-4级
125,2015/9/2,31℃/22℃,多云/晴,西北风3-4级/西北风3-4级
126,2015/9/3,30℃/21℃,晴/多云,东北风≤3级/东风≤3级
127,2015/9/4,31℃/24℃,雷阵雨/中到大雨,东风3-4级/东南风3-4级
128,2015/9/5,28℃/22℃,阴/多云,西北风3-4级/北风3-4级
129,2015/9/6,28℃/21℃,多云/多云,东北风3-4级/东北风≤3级
130,2015/9/7,28℃/21℃,多云/晴,东北风3-4级/东北风≤3级
131,2015/9/8,29℃/20℃,晴/晴,东风3-4级/东北风≤3级
132,2015/9/9,28℃/20℃,晴/晴,东北风3-4级/东北风3-4级
133,2015/9/10,28℃/19℃,晴/多云,东北风≤3级/东北风≤3级
134,2015/9/11,27℃/20℃,阴/阴,东北风≤3级/北风3-4级
135,2015/9/12,26℃/16℃,多云/晴,北风3-4级/北风3-4级
136,2015/9/13,25℃/18℃,晴/多云,东北风≤3级/东北风≤3级
137,2015/9/14,27℃/20℃,多云/阴,东风3-4级/东风≤3级
138,2015/9/15,27℃/19℃,阴/阴,东风3-4级/东风3-4级
139,2015/9/16,27℃/17℃,多云/多云,东北风3-4级/东北风≤3级
140,2015/9/17,27℃/18℃,多云/多云,东北风≤3级/东风≤3级
141,2015/9/18,27℃/19℃,多云/多云,东风≤3级/东风≤3级
142,2015/9/19,28℃/20℃,多云/多云,东风≤3级/东风≤3级
143,2015/9/20,28℃/18℃,多云/多云,东南风3-4级/东风≤3级
144,2015/9/21,28℃/20℃,多云/阴,东南风3-4级/东风3-4级
145,2015/9/22,27℃/22℃,阵雨/雷阵雨,东南风3-4级/东风≤3级
146,2015/9/23,27℃/20℃,阴/多云,西北风3-4级/东北风3-4级
147,2015/9/24,27℃/20℃,阴/阵雨,东风≤3级/东北风≤3级
148,2015/9/25,27℃/19℃,阴/阴,东北风≤3级/东北风≤3级
149,2015/9/26,28℃/19℃,多云/多云,东北风≤3级/东北风≤3级
150,2015/9/27,27℃/18℃,多云/多云,东北风≤3级/东北风≤3级
151,2015/9/28,28℃/21℃,多云/多云,东北风4-5级/东北风5-6级
152,2015/9/29,25℃/21℃,阵雨/阵雨,东风5-6级/东风5-6级
153,2015/9/30,27℃/17℃,雷阵雨/大雨,东北风4-5级/西北风4-5级
154,2015/10/1,23℃/14℃,阵雨/多云,西北风5-6级/西北风4-5级
155,2015/10/2,24℃/14℃,晴/晴,南风3-4级/东南风≤3级
156,2015/10/3,25℃/17℃,多云/多云,东风≤3级/东风≤3级
157,2015/10/4,25℃/18℃,阴/阵雨,东风3-4级/东风≤3级
158,2015/10/5,22℃/18℃,阴/多云,东风≤3级/东风≤3级
159,2015/10/6,23℃/19℃,阴/阵雨,东风≤3级/东风3-4级
160,2015/10/7,22℃/18℃,阵雨/阵雨,东风3-4级/东北风4-5级
161,2015/10/8,22℃/15℃,阴/多云,北风3-4级/北风≤3级
162,2015/10/9,22℃/12℃,多云/晴,西北风3-4级/西风3-4级
163,2015/10/10,23℃/10℃,多云/晴,西北风4-5级/西北风3-4级
164,2015/10/11,21℃/10℃,晴/晴,西风3-4级/北风≤3级
165,2015/10/12,23℃/11℃,晴/晴,北风≤3级/北风≤3级
166,2015/10/13,24℃/12℃,晴/多云,南风3-4级/东南风3-4级
167,2015/10/14,25℃/12℃,多云/多云,东风≤3级/东南风≤3级
168,2015/10/15,25℃/13℃,多云/晴,东南风≤3级/东南风≤3级
169,2015/10/16,26℃/15℃,晴/晴,东风≤3级/东风≤3级
170,2015/10/17,26℃/15℃,晴/晴,东风≤3级/东风3-4级
171,2015/10/18,25℃/14℃,多云/多云,东风3-4级/东风3-4级
172,2015/10/19,24℃/15℃,多云/多云,东风3-4级/东风3-4级
173,2015/10/20,25℃/16℃,多云/多云,东风3-4级/东风3-4级
174,2015/10/21,25℃/16℃,多云/多云,东风3-4级/东风3-4级
175,2015/10/22,25℃/16℃,多云/多云,东风3-4级/东风3-4级
176,2015/10/23,25℃/17℃,多云/多云,东风3-4级/东风≤3级
177,2015/10/24,26℃/17℃,多云/多云,东北风3-4级/东北风3-4级
178,2015/10/25,23℃/17℃,多云/阴,东北风3-4级/东风3-4级
179,2015/10/26,24℃/14℃,阵雨/小雨,东风3-4级/西北风4-5级
180,2015/10/27,19℃/11℃,多云/多云,西北风4-5级/东风≤3级
181,2015/10/28,18℃/13℃,多云/阴,东风≤3级/东北风3-4级
182,2015/10/29,17℃/12℃,阴/阴,东北风3-4级/东北风3-4级
183,2015/10/30,18℃/11℃,多云/多云,东北风4-5级/东北风3-4级
184,2015/10/31,17℃/10℃,多云/小雨,东北风3-4级/东北风3-4级
185,2015/11/1,17℃/8℃,多云/晴,西北风3-4级/西风≤3级
186,2015/11/2,19℃/8℃,晴/晴,东风≤3级/东风≤3级
187,2015/11/3,20℃/13℃,多云/多云,东风3-4级/东南风3-4级
188,2015/11/4,20℃/14℃,阴/阴,东风3-4级/东风≤3级
189,2015/11/5,23℃/17℃,小雨/小雨,东风3-4级/东风3-4级
190,2015/11/6,25℃/16℃,小雨/小到中雨,东南风3-4级/东风3-4级
191,2015/11/7,15℃/12℃,小雨/小雨,西北风3-4级/北风3-4级
192,2015/11/8,16℃/9℃,小雨/阴,北风3-4级/西北风3-4级
193,2015/11/9,17℃/8℃,多云/多云,北风3-4级/东北风3-4级
194,2015/11/10,15℃/10℃,阴/多云,东北风3-4级/东风3-4级
195,2015/11/11,15℃/11℃,多云/阴,东风3-4级/东风3-4级
196,2015/11/12,15℃/12℃,小雨/小到中雨,东北风3-4级/东北风3-4级
197,2015/11/13,16℃/11℃,阴/阴,西北风3-4级/西风≤3级
198,2015/11/14,18℃/10℃,多云/多云,北风≤3级/东风≤3级
199,2015/11/15,18℃/14℃,阴/小到中雨,东风3-4级/东风3-4级
200,2015/11/16,18℃/13℃,阴/小雨,东北风3-4级/东北风3-4级
201,2015/11/17,16℃/12℃,小雨/小雨,东北风3-4级/东北风3-4级
202,2015/11/18,15℃/11℃,小雨/小雨,东北风3-4级/东北风3-4级
203,2015/11/19,12℃/10℃,小雨/阴,东北风3-4级/东风3-4级
204,2015/11/20,15℃/12℃,阴/阴,东风3-4级/东风3-4级
205,2015/11/21,15℃/13℃,阴/小雨,东风3-4级/东风3-4级
206,2015/11/22,17℃/14℃,小雨/小雨,东风3-4级/东风≤3级
207,2015/11/23,15℃/6℃,阴/小雨,东北风4-5级/东北风4-5级
208,2015/11/24,9℃/2℃,小到中雨/小到中雨,东北风5-6级/北风5-6级
209,2015/11/25,6℃/-1℃,阴/多云,西北风4-5级/西北风5-6级
210,2015/11/26,3℃/-4℃,晴/晴,西北风4-5级/西北风3-4级
211,2015/11/27,5℃/2℃,晴/多云,东南风≤3级/南风≤3级
212,2015/11/28,12℃/7℃,多云/阴,南风≤3级/南风≤3级
213,2015/11/29,16℃/6℃,多云/晴,西风≤3级/东北风≤3级
214,2015/11/30,15℃/9℃,多云/多云,东风≤3级/东风≤3级
215,2015/12/1,17℃/7℃,多云/阴,东南风3-4级/西北风3-4级
216,2015/12/2,13℃/3℃,多云/晴,西北风4-5级/西北风4-5级
217,2015/12/3,10℃/-1℃,晴/晴,西北风4-5级/西北风3-4级
218,2015/12/4,10℃/4℃,晴/多云,西风≤3级/东南风≤3级
219,2015/12/5,8℃/2℃,阴/阴,东风≤3级/西风≤3级
220,2015/12/6,10℃/1℃,多云/晴,北风≤3级/东北风≤3级
221,2015/12/7,12℃/3℃,多云/晴,东风≤3级/东风≤3级
222,2015/12/8,14℃/8℃,晴/多云,东风3-4级/东南风3-4级
223,2015/12/9,12℃/9℃,小雨/小雨,东风3-4级/西北风3-4级
224,2015/12/10,12℃/8℃,小雨/阴,西北风3-4级/北风4-5级
225,2015/12/11,11℃/2℃,多云/多云,北风3-4级/东北风3-4级
226,2015/12/12,10℃/3℃,晴/多云,东北风≤3级/东北风≤3级
227,2015/12/13,8℃/3℃,阴/阴,北风≤3级/西北风≤3级
228,2015/12/14,10℃/4℃,多云/多云,西北风≤3级/西北风3-4级
229,2015/12/15,11℃/0℃,多云/多云,西北风3-4级/西北风4-5级
230,2015/12/16,6℃/-4℃,晴/晴,西北风5-6级/西北风4-5级
231,2015/12/17,6℃/-2℃,晴/晴,西北风≤3级/东北风≤3级
232,2015/12/18,7℃/-1℃,晴/多云,东风≤3级/东风≤3级
233,2015/12/19,9℃/5℃,多云/小雨,东风3-4级/东风3-4级
234,2015/12/20,8℃/1℃,小雨/阴,西风≤3级/西风3-4级
235,2015/12/21,11℃/5℃,多云/阴,东风≤3级/东风≤3级
236,2015/12/22,11℃/6℃,阴/雾,东风≤3级/北风≤3级
237,2015/12/23,11℃/7℃,阴/小雨,东北风≤3级/东北风3-4级
238,2015/12/24,9℃/5℃,小雨/阴,东北风≤3级/北风≤3级
239,2015/12/25,11℃/3℃,多云/晴,西风3-4级/西南风3-4级
240,2015/12/26,14℃/4℃,多云/多云,西南风≤3级/西风3-4级
241,2015/12/27,10℃/2℃,阴/多云,东北风4-5级/东北风3-4级
242,2015/12/28,7℃/0℃,多云/多云,东北风≤3级/东风≤3级
243,2015/12/29,9℃/1℃,多云/晴,东南风≤3级/东南风≤3级
244,2015/12/30,12℃/0℃,晴/晴,西风≤3级/西北风≤3级
245,2015/12/31,10℃/0℃,晴/晴,东北风≤3级/东风≤3级
246,2016/1/1,11℃/4℃,多云/多云,东南风≤3级/南风≤3级
247,2016/1/2,15℃/7℃,多云/小雨,西南风≤3级/西南风≤3级
248,2016/1/3,16℃/7℃,多云/阴,西南风≤3级/东北风≤3级
249,2016/1/4,13℃/6℃,小雨/小到中雨,东北风3-4级/东北风4-5级
250,2016/1/5,8℃/6℃,阴/阴,东北风4-5级/东北风4-5级
251,2016/1/6,8℃/3℃,阴/多云,北风3-4级/北风3-4级
252,2016/1/7,8℃/-1℃,阴/阴,北风3-4级/北风3-4级
253,2016/1/8,7℃/-1℃,多云/晴,北风≤3级/东风≤3级
254,2016/1/9,9℃/3℃,多云/阴,东风≤3级/东风≤3级
255,2016/1/10,10℃/3℃,小雨/小雨,东风3-4级/东北风3-4级
256,2016/1/11,6℃/0℃,小雨/雨夹雪,东北风4-5级/东北风4-5级
257,2016/1/12,4℃/-2℃,阴/阴,东北风3-4级/东北风3-4级
258,2016/1/13,5℃/-3℃,多云/多云,西风3-4级/西风≤3级
259,2016/1/14,8℃/-2℃,多云/多云,西南风≤3级/南风≤3级
260,2016/1/15,9℃/-2℃,晴/晴,东南风≤3级/东南风≤3级
261,2016/1/16,11℃/3℃,多云/小雨,东风≤3级/东北风≤3级
262,2016/1/17,8℃/-1℃,阴/晴,北风4-5级/北风4-5级
263,2016/1/18,5℃/-4℃,晴/晴,北风4-5级/北风3-4级
264,2016/1/19,4℃/-4℃,晴/多云,东风3-4级/东北风3-4级
265,2016/1/20,4℃/0℃,雨夹雪/中到大雪,东风3-4级/东风3-4级
266,2016/1/21,1℃/-1℃,小雪/小雪,东风3-4级/东北风3-4级
267,2016/1/22,2℃/-5℃,小到中雪/小雪,东北风4-5级/东北风4-5级
268,2016/1/23,0℃/-9℃,阴/多云,西北风5-6级/西北风5-6级
269,2016/1/24,-5℃/-8℃,晴/晴,西北风5-6级/西北风5-6级
270,2016/1/25,2℃/-6℃,晴/晴,西南风3-4级/西风3-4级
271,2016/1/26,6℃/-2℃,晴/多云,南风3-4级/南风≤3级
272,2016/1/27,8℃/4℃,多云/小雨,东南风≤3级/东风≤3级
273,2016/1/28,6℃/3℃,小雨/小到中雨,东北风3-4级/东北风3-4级
274,2016/1/29,5℃/0℃,小雨/雨夹雪,东北风4-5级/东北风4-5级
275,2016/1/30,4℃/-1℃,雨夹雪/阴,东北风3-4级/东北风3-4级
276,2016/1/31,4℃/-3℃,雨夹雪/小雪,东北风3-4级/东北风4-5级
277,2016/2/1,2℃/-4℃,多云/多云,西北风3-4级/西北风3-4级
278,2016/2/2,5℃/-4℃,多云/多云,西北风≤3级/东风≤3级
279,2016/2/3,7℃/-3℃,晴/多云,东风≤3级/东风≤3级
280,2016/2/4,7℃/-1℃,阴/阴,东北风≤3级/北风≤3级
281,2016/2/5,9℃/-2℃,多云/阴,西北风3-4级/西北风3-4级
282,2016/2/6,7℃/-3℃,多云/晴,西北风3-4级/西风3-4级
283,2016/2/7,11℃/-2℃,多云/多云,西南风3-4级/西风3-4级
284,2016/2/8,15℃/3℃,晴/晴,西南风3-4级/西南风3-4级
285,2016/2/9,17℃/6℃,多云/多云,东南风3-4级/南风3-4级
286,2016/2/10,21℃/11℃,多云/阵雨,南风3-4级/南风3-4级
287,2016/2/11,20℃/11℃,雷阵雨/多云,南风≤3级/东南风≤3级
288,2016/2/12,16℃/6℃,雷阵雨/小到中雨,东南风3-4级/南风4-5级
289,2016/2/13,11℃/1℃,阵雨/阴,西北风5-6级/西北风5-6级
290,2016/2/14,5℃/-4℃,阴/多云,西北风4-5级/西北风3-4级
291,2016/2/15,7℃/-1℃,晴/晴,西风3-4级/西风3-4级
292,2016/2/16,10℃/1℃,多云/晴,西风3-4级/西风≤3级
293,2016/2/17,12℃/3℃,多云/多云,西南风≤3级/南风3-4级
294,2016/2/18,16℃/4℃,多云/多云,西南风3-4级/东风3-4级
295,2016/2/19,13℃/3℃,阴/多云,西北风3-4级/北风3-4级
296,2016/2/20,12℃/0℃,多云/多云,北风3-4级/东风3-4级
297,2016/2/21,11℃/5℃,阴/小雨,东风3-4级/东风3-4级
298,2016/2/22,8℃/4℃,小雨/阴,东风3-4级/东北风≤3级
299,2016/2/23,11℃/1℃,多云/阴,东北风4-5级/东北风3-4级
300,2016/2/24,10℃/1℃,晴/多云,东北风3-4级/南风≤3级
301,2016/2/25,13℃/3℃,多云/多云,南风≤3级/南风≤3级
302,2016/2/26,17℃/6℃,多云/多云,西南风3-4级/西南风≤3级
303,2016/2/27,19℃/8℃,晴/晴,西南风3-4级/西南风3-4级
304,2016/2/28,16℃/2℃,多云/多云,西北风4-5级/北风3-4级
305,2016/2/29,11℃/0℃,晴/晴,北风3-4级/东风3-4级
306,2016/3/1,13℃/4℃,晴/多云,东南风3-4级/东南风≤3级
307,2016/3/2,18℃/7℃,多云/多云,东南风≤3级/南风≤3级
308,2016/3/3,19℃/11℃,阴/小雨,南风≤3级/东南风≤3级
309,2016/3/4,20℃/13℃,阵雨/阴,南风3-4级/东南风3-4级
310,2016/3/5,19℃/10℃,阵雨/阴,西风3-4级/东北风3-4级
311,2016/3/6,20℃/9℃,多云/多云,东北风3-4级/东南风3-4级
312,2016/3/7,21℃/3℃,阴/小雨,东南风3-4级/东北风4-5级
313,2016/3/8,8℃/2℃,中到大雨/小雨,东北风4-5级/东北风5-6级
314,2016/3/9,7℃/1℃,阴/阴,东北风4-5级/东北风4-5级
315,2016/3/10,7℃/0℃,多云/多云,东北风4-5级/西南风3-4级
316,2016/3/11,11℃/2℃,多云/多云,西南风≤3级/东南风3-4级
317,2016/3/12,14℃/7℃,多云/小雨,东南风3-4级/东南风3-4级
318,2016/3/13,15℃/5℃,小雨/多云,东北风3-4级/北风≤3级
319,2016/3/14,14℃/4℃,晴/多云,东风3-4级/东风3-4级
320,2016/3/15,14℃/6℃,多云/阴,东南风3-4级/东南风3-4级
321,2016/3/16,18℃/10℃,多云/阴,东风≤3级/东风≤3级
322,2016/3/17,17℃/12℃,小雨/阵雨,东南风≤3级/东风≤3级
323,2016/3/18,18℃/12℃,阴/阴,西风≤3级/东北风≤3级
324,2016/3/19,19℃/8℃,多云/多云,东北风3-4级/东风3-4级
325,2016/3/20,18℃/7℃,多云/多云,东风3-4级/东风3-4级
326,2016/3/21,17℃/8℃,多云/多云,东风3-4级/东风3-4级
327,2016/3/22,16℃/10℃,多云/阴,东风3-4级/东北风3-4级
328,2016/3/23,14℃/4℃,多云/多云,东北风4-5级/东北风4-5级
329,2016/3/24,12℃/4℃,多云/多云,东北风4-5级/东北风3-4级
330,2016/3/25,15℃/3℃,多云/多云,北风3-4级/南风≤3级
331,2016/3/26,15℃/4℃,阵雨/多云,西北风3-4级/西风3-4级
332,2016/3/27,18℃/6℃,多云/晴,西风3-4级/西风3-4级
333,2016/3/28,21℃/10℃,多云/多云,西南风3-4级/西南风3-4级
334,2016/3/29,21℃/13℃,多云/阴,西南风3-4级/西南风≤3级
335,2016/3/30,19℃/13℃,阵雨/阵雨,南风≤3级/南风≤3级
336,2016/3/31,19℃/10℃,阴/多云,东南风3-4级/南风≤3级
337,2016/4/1,25℃/14℃,多云/多云,南风3-4级/东南风3-4级
338,2016/4/2,21℃/13℃,小到中雨/中雨,东南风3-4级/东北风3-4级
339,2016/4/3,15℃/10℃,小到中雨/阴,东北风4-5级/东北风3-4级
340,2016/4/4,18℃/11℃,多云/多云,东风3-4级/东风3-4级
341,2016/4/5,18℃/13℃,阵雨/中到大雨,东风3-4级/东风3-4级
342,2016/4/6,16℃/12℃,中到大雨/中雨,东北风4-5级/北风3-4级
343,2016/4/7,19℃/12℃,阴/多云,南风≤3级/东南风≤3级
344,2016/4/8,24℃/13℃,多云/多云,东风≤3级/东风≤3级
345,2016/4/9,24℃/14℃,阴/多云,东南风≤3级/东南风≤3级
346,2016/4/10,25℃/12℃,多云/多云,东风≤3级/东风3-4级
347,2016/4/11,21℃/14℃,多云/阴,东南风3-4级/东风3-4级
348,2016/4/12,24℃/16℃,多云/多云,东风3-4级/东南风≤3级
349,2016/4/13,27℃/17℃,多云/多云,东风≤3级/东风≤3级
350,2016/4/14,28℃/16℃,多云/多云,东风3-4级/东风3-4级
351,2016/4/15,24℃/16℃,多云/中雨,东南风4-5级/东南风3-4级
352,2016/4/16,20℃/12℃,中到大雨/阴,东南风4-5级/西北风3-4级
353,2016/4/17,20℃/11℃,多云/阴,西风3-4级/南风≤3级
354,2016/4/18,23℃/12℃,晴/晴,西南风4-5级/东南风3-4级
355,2016/4/19,24℃/15℃,多云/雷阵雨,东南风4-5级/东南风4-5级
356,2016/4/20,18℃/15℃,暴雨/阵雨,东南风4-5级/北风3-4级
357,2016/4/21,25℃/15℃,多云/多云,西北风3-4级/西南风3-4级
358,2016/4/22,27℃/15℃,多云/雷阵雨,南风3-4级/东风3-4级
359,2016/4/23,17℃/14℃,阵雨/阴,东风4-5级/东风3-4级
360,2016/4/24,18℃/13℃,阴/阴,东风3-4级/东风3-4级
361,2016/4/25,21℃/14℃,阴/雷阵雨,东南风3-4级/东风3-4级
362,2016/4/26,17℃/12℃,阵雨/阵雨,东风3-4级/东北风3-4级
363,2016/4/27,15℃/11℃,小雨/多云,西北风3-4级/西北风3-4级
364,2016/4/28,23℃/12℃,多云/晴,西北风3-4级/东南风≤3级
365,2016/4/29,25℃/15℃,晴/晴,南风3-4级/南风3-4级
366,2016/4/30,28℃/17℃,晴/晴,南风3-4级/南风3-4级
367,2016/5/1,29℃/20℃,多云/雷阵雨,南风3-4级/南风3-4级
368,2016/5/2,25℃/16℃,中雨/雷阵雨,南风3-4级/西风3-4级
369,2016/5/3,25℃/14℃,晴/晴,西风4-5级/西南风3-4级
370,2016/5/4,29℃/19℃,多云/阴,南风3-4级/东南风3-4级
371,2016/5/5,25℃/20℃,小到中雨/阴,东南风3-4级/南风3-4级
372,2016/5/6,27℃/18℃,阴/阴,西风3-4级/东风3-4级
373,2016/5/7,20℃/14℃,雷阵雨/阴,东风3-4级/东北风3-4级
374,2016/5/8,19℃/15℃,阴/阴,东风3-4级/东风≤3级
375,2016/5/9,20℃/14℃,阵雨/阵雨,东北风3-4级/东北风3-4级
376,2016/5/10,22℃/13℃,多云/晴,北风3-4级/西风3-4级
377,2016/5/11,27℃/15℃,晴/晴,南风3-4级/东南风3-4级
378,2016/5/12,30℃/17℃,晴/阴,南风3-4级/东北风4-5级
379,2016/5/13,23℃/15℃,阴/多云,东北风4-5级/东风3-4级
380,2016/5/14,25℃/15℃,阴/雷阵雨,东风3-4级/东南风3-4级
381,2016/5/15,16℃/12℃,小到中雨/阴,西北风4-5级/西北风3-4级
382,2016/5/16,25℃/13℃,晴/晴,西风≤3级/东南风≤3级
383,2016/5/17,26℃/14℃,晴/晴,东南风3-4级/东南风3-4级
384,2016/5/18,25℃/15℃,多云/多云,东南风3-4级/东风3-4级
385,2016/5/19,26℃/18℃,多云/多云,东风3-4级/东风3-4级
386,2016/5/20,23℃/17℃,阵雨/中雨,东风4-5级/东风4-5级
387,2016/5/21,19℃/17℃,小到中雨/小雨,东北风4-5级/东北风4-5级
388,2016/5/22,20℃/16℃,阴/阴,东北风4-5级/北风3-4级
389,2016/5/23,23℃/16℃,阴/阴,西风≤3级/西风≤3级
390,2016/5/24,26℃/17℃,多云/多云,西南风3-4级/南风3-4级
391,2016/5/25,28℃/21℃,多云/雷阵雨,东南风≤3级/南风3-4级
392,2016/5/26,26℃/19℃,雷阵雨/小到中雨,西风3-4级/南风3-4级
393,2016/5/27,22℃/19℃,小到中雨/阵雨,东风3-4级/东风3-4级
394,2016/5/28,23℃/19℃,阵雨/阵雨,西北风≤3级/西北风3-4级
395,2016/5/29,24℃/17℃,阴/多云,北风3-4级/东风3-4级
396,2016/5/30,27℃/21℃,多云/多云,东南风3-4级/东南风≤3级
397,2016/5/31,28℃/20℃,小到中雨/暴雨,东南风3-4级/东北风4-5级
398,2016/6/1,22℃/17℃,阵雨/阵雨,东北风4-5级/东风3-4级
399,2016/6/2,25℃/19℃,多云/阵雨,东风≤3级/东风3-4级
400,2016/6/3,20℃/17℃,阵雨/阵雨,东风3-4级/东南风3-4级
401,2016/6/4,24℃/16℃,阴/多云,西北风3-4级/东风≤3级
402,2016/6/5,27℃/19℃,多云/多云,东南风3-4级/东南风4-5级
403,2016/6/6,28℃/19℃,雷阵雨/中雨,东南风3-4级/东北风4-5级
404,2016/6/7,27℃/21℃,阴/阵雨,北风≤3级/东北风≤3级
405,2016/6/8,26℃/19℃,阵雨/阴,东北风3-4级/东风3-4级
406,2016/6/9,27℃/20℃,多云/多云,东北风3-4级/东风≤3级
407,2016/6/10,30℃/22℃,多云/阴,东南风3-4级/东风3-4级
408,2016/6/11,30℃/23℃,多云/雷阵雨,东风≤3级/东风3-4级
409,2016/6/12,27℃/20℃,雷阵雨/多云,东风3-4级/东风≤3级
410,2016/6/13,30℃/22℃,多云/多云,东南风≤3级/东南风3-4级
411,2016/6/14,33℃/25℃,多云/多云,西南风3-4级/南风≤3级
412,2016/6/15,31℃/21℃,雷阵雨/阴,西北风3-4级/西北风3-4级
413,2016/6/16,29℃/21℃,多云/多云,西风3-4级/西南风3-4级
414,2016/6/17,32℃/22℃,晴/晴,南风3-4级/南风3-4级
415,2016/6/18,32℃/24℃,多云/雷阵雨,南风3-4级/南风3-4级
416,2016/6/19,30℃/25℃,雷阵雨/小到中雨,西南风3-4级/西南风3-4级
417,2016/6/20,28℃/24℃,中雨/中雨,南风3-4级/南风3-4级
418,2016/6/21,31℃/26℃,中到大雨/中雨,南风3-4级/西南风3-4级
419,2016/6/22,32℃/25℃,中雨/阴,西南风3-4级/西南风≤3级
420,2016/6/23,33℃/24℃,雷阵雨/雷阵雨,西南风3-4级/西南风3-4级
421,2016/6/24,28℃/21℃,中雨/阵雨,北风3-4级/西风≤3级
422,2016/6/25,27℃/19℃,雷阵雨/多云,西南风3-4级/西南风3-4级
423,2016/6/26,28℃/21℃,多云/小到中雨,东南风3-4级/东南风3-4级
424,2016/6/27,25℃/20℃,雷阵雨/中雨,东南风3-4级/西南风3-4级
425,2016/6/28,24℃/21℃,雷阵雨/雷阵雨,南风3-4级/南风3-4级
426,2016/6/29,29℃/22℃,雷阵雨/阴,西南风3-4级/西南风3-4级
427,2016/6/30,32℃/25℃,多云/中雨,南风3-4级/南风3-4级
428,2016/7/1,28℃/25℃,中雨/大雨,西南风4-5级/西南风3-4级
429,2016/7/2,24℃/22℃,大雨/暴雨,东南风4-5级/东南风3-4级
430,2016/7/3,25℃/22℃,大雨/大到暴雨,南风3-4级/东风4-5级
431,2016/7/4,25℃/23℃,大雨/大雨,东南风4-5级/东风3-4级
432,2016/7/5,27℃/23℃,中雨/中雨,东北风3-4级/东风3-4级
433,2016/7/6,27℃/25℃,雷阵雨/雷阵雨,东风3-4级/东风3-4级
434,2016/7/7,29℃/24℃,中雨/阴,东南风3-4级/东风4-5级
435,2016/7/8,32℃/25℃,多云/多云,东风3-4级/东风3-4级
436,2016/7/9,30℃/24℃,多云/阵雨,东风3-4级/东风4-5级
437,2016/7/10,29℃/24℃,雷阵雨/雷阵雨,东风4-5级/东北风5-6级
438,2016/7/11,30℃/24℃,雷阵雨/阴,东北风4-5级/北风≤3级
439,2016/7/12,32℃/26℃,多云/多云,北风≤3级/南风≤3级
440,2016/7/13,32℃/26℃,中雨/雷阵雨,南风3-4级/南风3-4级
441,2016/7/14,30℃/25℃,中雨/雷阵雨,南风≤3级/南风≤3级
442,2016/7/15,30℃/22℃,中到大雨/雷阵雨,南风3-4级/西北风3-4级
443,2016/7/16,29℃/23℃,多云/多云,西风3-4级/南风3-4级
444,2016/7/17,31℃/24℃,雷阵雨/雷阵雨,南风3-4级/南风3-4级
445,2016/7/18,30℃/25℃,雷阵雨/阴,东南风3-4级/东南风3-4级
446,2016/7/19,32℃/27℃,雷阵雨/多云,东南风3-4级/东南风3-4级
447,2016/7/20,35℃/28℃,多云/多云,西南风4-5级/西南风3-4级
448,2016/7/21,35℃/28℃,多云/晴,南风4-5级/南风3-4级
449,2016/7/22,36℃/29℃,多云/晴,西南风4-5级/南风3-4级
450,2016/7/23,38℃/28℃,多云/晴,西南风3-4级/西南风≤3级
451,2016/7/24,38℃/29℃,晴/晴,西南风3-4级/东南风≤3级
452,2016/7/25,39℃/29℃,晴/晴,南风3-4级/南风≤3级
453,2016/7/26,39℃/29℃,晴/晴,西南风3-4级/西风≤3级
454,2016/7/27,37℃/30℃,多云/晴,西南风3-4级/西南风≤3级
455,2016/7/28,38℃/29℃,多云/晴,西南风3-4级/西南风≤3级
456,2016/7/29,38℃/29℃,多云/晴,西南风3-4级/南风≤3级
457,2016/7/30,37℃/28℃,多云/晴,东南风3-4级/东南风≤3级
458,2016/7/31,36℃/28℃,多云/多云,东风3-4级/东风3-4级
459,2016/8/1,36℃/27℃,多云/多云,东风3-4级/东风3-4级
460,2016/8/2,35℃/26℃,雷阵雨/雷阵雨,东风3-4级/东风3-4级
461,2016/8/3,31℃/25℃,雷阵雨/多云,东风3-4级/西南风3-4级
462,2016/8/4,31℃/26℃,雷阵雨/多云,西南风3-4级/东风3-4级
463,2016/8/5,32℃/26℃,雷阵雨/多云,东北风3-4级/东北风3-4级
464,2016/8/6,32℃/26℃,雷阵雨/多云,东风3-4级/东风≤3级
465,2016/8/7,33℃/26℃,雷阵雨/多云,东风3-4级/东风3-4级
466,2016/8/8,34℃/27℃,多云/多云,东风3-4级/东风3-4级
467,2016/8/9,34℃/27℃,多云/多云,东风4-5级/东风3-4级
468,2016/8/10,34℃/27℃,多云/多云,东风4-5级/东风3-4级
469,2016/8/11,35℃/27℃,多云/多云,东风4-5级/东风3-4级
470,2016/8/12,35℃/27℃,多云/晴,东风3-4级/东风3-4级
471,2016/8/13,35℃/28℃,晴/多云,东风3-4级/东风3-4级
472,2016/8/14,36℃/27℃,多云/晴,东风3-4级/东风3-4级
473,2016/8/15,35℃/27℃,晴/多云,东风3-4级/东风3-4级
474,2016/8/16,35℃/27℃,晴/多云,东风3-4级/东风3-4级
475,2016/8/17,35℃/27℃,多云/多云,东风3-4级/东风3-4级
476,2016/8/18,36℃/28℃,多云/多云,东风3-4级/东南风3-4级
477,2016/8/19,37℃/28℃,晴/多云,东南风≤3级/北风≤3级
478,2016/8/20,35℃/27℃,雷阵雨/阴,北风3-4级/北风≤3级
479,2016/8/21,33℃/27℃,雷阵雨/阴,东北风3-4级/东北风≤3级
480,2016/8/22,34℃/27℃,多云/多云,东风3-4级/东风3-4级
481,2016/8/23,34℃/26℃,多云/多云,东风3-4级/东风3-4级
482,2016/8/24,34℃/25℃,多云/晴,东风3-4级/东风3-4级
483,2016/8/25,34℃/25℃,多云/多云,东风3-4级/东北风3-4级
484,2016/8/26,29℃/23℃,阴/阴,东北风4-5级/北风4-5级
485,2016/8/27,29℃/20℃,多云/晴,北风4-5级/北风3-4级
486,2016/8/28,30℃/19℃,晴/晴,北风3-4级/北风3-4级
487,2016/8/29,30℃/20℃,晴/晴,北风3-4级/北风3-4级
488,2016/8/30,31℃/21℃,晴/多云,西北风3-4级/西北风3-4级
489,2016/8/31,32℃/22℃,多云/多云,西南风4-5级/西风4-5级
490,2016/9/1,33℃/22℃,多云/晴,西南风4-5级/西南风3-4级
491,2016/9/2,34℃/22℃,晴/晴,西风3-4级/东南风3-4级
492,2016/9/3,34℃/23℃,多云/多云,东南风4-5级/东南风3-4级
493,2016/9/4,32℃/22℃,多云/多云,东风3-4级/东风≤3级
494,2016/9/5,33℃/24℃,多云/阴,东风≤3级/东风≤3级
495,2016/9/6,27℃/22℃,阵雨/阵雨,东北风3-4级/东风≤3级
496,2016/9/7,29℃/22℃,阴/多云,东风≤3级/东风≤3级
497,2016/9/8,30℃/21℃,多云/多云,西风≤3级/东南风≤3级
498,2016/9/9,32℃/23℃,多云/阴,东风3-4级/东南风3-4级
499,2016/9/10,30℃/21℃,阴/阴,东南风3-4级/东南风3-4级
500,2016/9/11,30℃/20℃,多云/多云,东南风3-4级/东风≤3级
501,2016/9/12,30℃/20℃,多云/多云,东风3-4级/东风≤3级
502,2016/9/13,30℃/21℃,多云/多云,东风3-4级/东风3-4级
503,2016/9/14,29℃/21℃,多云/阵雨,东风3-4级/东风3-4级
504,2016/9/15,24℃/22℃,大雨/暴雨,东风4-5级/东风4-5级
505,2016/9/16,23℃/21℃,暴雨/阴,东风5-6级/西北风5-6级
506,2016/9/17,27℃/20℃,阴/多云,东北风4-5级/北风4-5级
507,2016/9/18,28℃/20℃,多云/多云,北风4-5级/北风4-5级
508,2016/9/19,26℃/17℃,多云/晴,北风4-5级/北风4-5级
509,2016/9/20,25℃/18℃,多云/多云,北风3-4级/北风3-4级
510,2016/9/21,25℃/18℃,阴/多云,东北风3-4级/东南风3-4级
511,2016/9/22,26℃/18℃,多云/晴,东风3-4级/东风3-4级
512,2016/9/23,28℃/19℃,多云/多云,东南风3-4级/东南风3-4级
513,2016/9/24,29℃/21℃,多云/多云,东南风3-4级/东风3-4级
514,2016/9/25,29℃/22℃,多云/多云,东风3-4级/东风3-4级
515,2016/9/26,30℃/23℃,多云/多云,东风3-4级/东风3-4级
516,2016/9/27,30℃/23℃,雷阵雨/雷阵雨,东风4-5级/东北风4-5级
517,2016/9/28,23℃/19℃,阵雨/中雨,东北风4-5级/东北风4-5级
518,2016/9/29,20℃/18℃,中雨/大雨,东北风4-5级/东北风4-5级
519,2016/9/30,21℃/19℃,大雨/阵雨,北风4-5级/西北风3-4级
520,2016/10/1,24℃/19℃,阵雨/阵雨,东风≤3级/西风≤3级
521,2016/10/2,24℃/20℃,阵雨/阵雨,西北风≤3级/北风≤3级
522,2016/10/3,26℃/18℃,多云/多云,东北风≤3级/东北风≤3级
523,2016/10/4,27℃/18℃,多云/多云,东北风≤3级/东北风≤3级
524,2016/10/5,27℃/20℃,多云/多云,东北风≤3级/东北风3-4级
525,2016/10/6,25℃/19℃,多云/阵雨,东风3-4级/东风3-4级
526,2016/10/7,20℃/17℃,中雨/小到中雨,东北风3-4级/东北风3-4级
527,2016/10/8,22℃/14℃,多云/晴,北风4-5级/北风4-5级
528,2016/10/9,21℃/14℃,多云/多云,东北风4-5级/东北风3-4级
529,2016/10/10,20℃/16℃,多云/阴,东北风3-4级/东北风3-4级
530,2016/10/11,20℃/16℃,阴/阴,东北风3-4级/东北风3-4级
531,2016/10/12,19℃/16℃,阴/阴,东北风3-4级/东北风≤3级
532,2016/10/13,20℃/16℃,阴/阵雨,东北风3-4级/东北风3-4级
533,2016/10/14,19℃/17℃,阴/阵雨,东风3-4级/东风3-4级
534,2016/10/15,22℃/18℃,阵雨/阵雨,东风4-5级/东南风3-4级
535,2016/10/16,24℃/17℃,阴/多云,西北风3-4级/北风≤3级
536,2016/10/17,23℃/18℃,多云/阴,东北风≤3级/东北风3-4级
537,2016/10/18,22℃/18℃,阴/阴,东北风3-4级/东风3-4级
538,2016/10/19,23℃/19℃,阴/小雨,东风3-4级/东风3-4级
539,2016/10/20,21℃/19℃,小到中雨/中雨,东风4-5级/东风3-4级
540,2016/10/21,21℃/19℃,小到中雨/中到大雨,东风4-5级/东北风4-5级
541,2016/10/22,21℃/18℃,中到大雨/小雨,东北风4-5级/东北风4-5级
542,2016/10/23,20℃/15℃,阴/阴,东北风4-5级/北风3-4级
543,2016/10/24,21℃/16℃,阴/阵雨,东风3-4级/西北风3-4级
544,2016/10/25,18℃/15℃,阴/中雨,北风3-4级/东风3-4级
545,2016/10/26,18℃/16℃,大雨/中雨,东北风3-4级/东风4-5级
546,2016/10/27,18℃/13℃,中到大雨/小雨,东北风4-5级/东北风3-4级
547,2016/10/28,15℃/11℃,小到中雨/小雨,北风4-5级/北风4-5级
548,2016/10/29,12℃/8℃,小雨/阴,北风3-4级/北风≤3级
549,2016/10/30,17℃/13℃,多云/小雨,东风3-4级/东风3-4级
550,2016/10/31,14℃/7℃,小雨/阴,东北风4-5级/东北风4-5级
551,2016/11/1,15℃/5℃,多云/晴,东北风3-4级/东北风≤3级
552,2016/11/2,16℃/8℃,晴/晴,东风≤3级/东南风≤3级
553,2016/11/3,18℃/8℃,晴/晴,东南风≤3级/南风≤3级
554,2016/11/4,21℃/10℃,晴/多云,南风3-4级/西南风≤3级
555,2016/11/5,23℃/11℃,多云/晴,西南风3-4级/东风≤3级
556,2016/11/6,23℃/13℃,多云/阴,东风3-4级/东风3-4级
557,2016/11/7,18℃/11℃,小雨/小雨,东北风3-4级/北风4-5级
558,2016/11/8,11℃/7℃,阴/多云,东北风4～5级/东北风3～4级
559,2016/11/9,12℃/8℃,阴/阴,东北风3～4级/东北风3～4级
560,2016/11/10,12℃/6℃,阴/晴,西南风3-4级/西南风≤3级
561,2016/11/11,18℃/9℃,多云/多云,南风≤3级/南风≤3级
562,2016/11/12,18℃/11℃,多云/阴,南风3-4级/东南风≤3级
563,2016/11/13,20℃/13℃,多云/阴,东南风≤3级/东南风≤3级
564,2016/11/14,21℃/11℃,阴/多云,北风3-4级/北风3-4级
565,2016/11/15,17℃/9℃,多云/阴,东风3-4级/东风3-4级
566,2016/11/16,15℃/11℃,小雨/小雨,东风3-4级/东风≤3级
567,2016/11/17,16℃/14℃,小雨/小雨,东风3-4级/东风3-4级
568,2016/11/18,19℃/15℃,小雨/小到中雨,西风≤3级/东北风≤3级
569,2016/11/19,19℃/15℃,阴/阴,西北风≤3级/东北风3-4级
570,2016/11/20,18℃/14℃,小雨/小雨,东北风3-4级/东风3-4级
571,2016/11/21,16℃/9℃,小雨/小雨,东北风4-5级/东北风4-5级
572,2016/11/22,6℃/2℃,小雨/雨夹雪,北风5-6级/北风5-6级
573,2016/11/23,3℃/-1℃,雨夹雪/多云,北风4-5级/北风3-4级
574,2016/11/24,5℃/-1℃,多云/多云,北风3-4级/东北风3-4级
575,2016/11/25,9℃/4℃,多云/小雨,东风3-4级/东风3-4级
576,2016/11/26,9℃/1℃,小雨/多云,西北风3-4级/西北风3-4级
577,2016/11/27,13℃/3℃,晴/晴,东北风3-4级/东北风3-4级
578,2016/11/28,12℃/3℃,多云/多云,东北风3-4级/东北风3-4级
579,2016/11/29,12℃/7℃,多云/小雨,东风3-4级/东北风3-4级
580,2016/11/30,13℃/4℃,多云/多云,西风3-4级/西北风3-4级
581,2016/12/1,14℃/4℃,晴/多云,西北风≤3级/东北风≤3级
582,2016/12/2,14℃/5℃,多云/多云,东风3-4级/东风≤3级
583,2016/12/3,14℃/7℃,多云/阴,东南风3-4级/西南风3-4级
584,2016/12/4,17℃/6℃,多云/多云,西南风3-4级/西南风3-4级
585,2016/12/5,18℃/4℃,多云/多云,西北风4-5级/北风4-5级
586,2016/12/6,10℃/2℃,晴/多云,西南风3-4级/西南风3-4级
587,2016/12/7,14℃/4℃,晴/多云,西风3-4级/东风3-4级
588,2016/12/8,17℃/5℃,晴/晴,东南风3-4级/北风3-4级
589,2016/12/9,13℃/5℃,晴/多云,东北风3-4级/东北风3-4级
590,2016/12/10,11℃/6℃,多云/多云,东风3-4级/东风3-4级
591,2016/12/11,12℃/7℃,阴/阴,东风4-5级/东风3-4级
592,2016/12/12,14℃/9℃,阴/小雨,东风3-4级/北风3-4级
593,2016/12/13,11℃/3℃,小雨/阴,北风4-5级/北风5-6级
594,2016/12/14,6℃/-2℃,多云/晴,北风4-5级/北风3-4级
595,2016/12/15,8℃/0℃,晴/多云,西北风3-4级/西北风3-4级
596,2016/12/16,9℃/-1℃,多云/晴,北风3-4级/东南风3-4级
597,2016/12/17,12℃/1℃,晴/多云,东南风3-4级/东南风3-4级
598,2016/12/18,14℃/4℃,多云/多云,东南风≤3级/东风≤3级
599,2016/12/19,16℃/9℃,多云/小雨,东北风3-4级/东北风≤3级
600,2016/12/20,12℃/10℃,小雨/小到中雨,东北风3-4级/东北风3-4级
601,2016/12/21,12℃/6℃,中雨/阴,西北风4-5级/西北风4-5级
602,2016/12/22,11℃/2℃,阴/多云,西北风4-5级/西北风3-4级
603,2016/12/23,10℃/3℃,多云/多云,北风3-4级/东风3-4级
604,2016/12/24,7℃/4℃,阴/小雨,东风3-4级/东风3-4级
605,2016/12/25,9℃/7℃,小雨/小到中雨,东风3-4级/东风3-4级
606,2016/12/26,8℃/2℃,小雨/阴,北风3-4级/北风4-5级
607,2016/12/27,6℃/-2℃,多云/晴,东北风4-5级/东北风3-4级
608,2016/12/28,7℃/-2℃,多云/晴,东北风≤3级/东北风≤3级
609,2016/12/29,7℃/-1℃,晴/晴,东北风3-4级/东风≤3级
610,2016/12/30,9℃/0℃,多云/多云,东南风≤3级/东风≤3级
611,2016/12/31,12℃/1℃,晴/晴,东风≤3级/东南风3-4级
612,2017/1/1,15℃/4℃,多云/阴,东南风3-4级/北风≤3级
613,2017/1/2,14℃/4℃,多云/多云,北风≤3级/东风≤3级
614,2017/1/3,13℃/5℃,多云/阴,东风≤3级/东风≤3级
615,2017/1/4,12℃/9℃,小雨/中雨,东风≤3级/东风3-4级
616,2017/1/5,11℃/8℃,中雨/小雨,东风3-4级/东风4-5级
617,2017/1/6,11℃/7℃,小雨/小到中雨,东北风4-5级/东风4-5级
618,2017/1/7,11℃/6℃,小雨/阴,西北风4-5级/西风4-5级
619,2017/1/8,8℃/1℃,阴/多云,西风4-5级/西北风3-4级
620,2017/1/9,8℃/2℃,多云/多云,北风3-4级/东北风3-4级
621,2017/1/10,8℃/4℃,阴/阴,东北风3-4级/东风≤3级
622,2017/1/11,8℃/4℃,多云/小雨,东北风≤3级/北风≤3级
623,2017/1/12,10℃/0℃,阴/多云,西风3-4级/西风3-4级
624,2017/1/13,11℃/-1℃,晴/晴,西南风3-4级/北风3-4级
625,2017/1/14,7℃/0℃,晴/多云,东风3-4级/东风3-4级
626,2017/1/15,6℃/0℃,多云/多云,东北风3-4级/东北风3-4级
627,2017/1/16,8℃/2℃,晴/多云,东风3-4级/东风3-4级
628,2017/1/17,9℃/3℃,多云/阴,东风3-4级/东北风3-4级
629,2017/1/18,7℃/5℃,小雨/小雨,东北风3-4级/东北风≤3级
630,2017/1/19,8℃/-2℃,阴/多云,北风3-4级/北风5-6级
631,2017/1/20,3℃/-4℃,晴/晴,北风5-6级/北风4-5级
632,2017/1/21,7℃/-3℃,晴/晴,西南风3-4级/西风≤3级
633,2017/1/22,6℃/-3℃,晴/晴,东风3-4级/东风3-4级
634,2017/1/23,7℃/-1℃,晴/晴,东风3-4级/东风3-4级
635,2017/1/24,8℃/0℃,多云/多云,东风3-4级/东风3-4级
636,2017/1/25,10℃/1℃,多云/晴,东风3-4级/东南风3-4级
637,2017/1/26,14℃/2℃,多云/多云,南风3-4级/西南风3-4级
638,2017/1/27,10℃/3℃,多云/多云,东北风4-5级/东风3-4级
639,2017/1/28,13℃/6℃,阴/多云,东南风3-4级/东风3-4级
640,2017/1/29,12℃/-1℃,小雨/小雨,西北风4-5级/北风4-5级
641,2017/1/30,5℃/-3℃,多云/多云,东北风4-5级/东北风3-4级
642,2017/1/31,6℃/0℃,多云/小雨,东北风3-4级/东北风≤3级
643,2017/2/1,5℃/-2℃,多云/多云,东北风3-4级/东北风≤3级
644,2017/2/2,8℃/1℃,多云/小雨,东风3-4级/东风3-4级
645,2017/2/3,6℃/5℃,小雨/小雨,东风3-4级/西北风3-4级
646,2017/2/4,8℃/3℃,阴/多云,西北风3-4级/西风3-4级
647,2017/2/5,12℃/2℃,晴/晴,东北风3-4级/东北风3-4级
648,2017/2/6,10℃/0℃,多云/多云,东北风4-5级/东风4-5级
649,2017/2/7,8℃/2℃,多云/小雨,东风3-4级/东风3-4级
650,2017/2/8,2℃/-2℃,小雪/阴,东北风4-5级/西北风3-4级
651,2017/2/9,6℃/-3℃,晴/晴,西北风4-5级/西北风3-4级
652,2017/2/10,7℃/-4℃,晴/晴,西北风3-4级/西北风3-4级
653,2017/2/11,8℃/-2℃,晴/晴,西风3-4级/西南风≤3级
654,2017/2/12,12℃/0℃,晴/晴,西南风3-4级/东南风3-4级
655,2017/2/13,15℃/2℃,晴/多云,东南风≤3级/东南风≤3级
656,2017/2/14,16℃/5℃,多云/多云,东南风3-4级/东南风3-4级
657,2017/2/15,16℃/6℃,多云/小雨,东南风3-4级/东南风3-4级
658,2017/2/16,17℃/8℃,小雨/阴,南风3-4级/西风3-4级
659,2017/2/17,10℃/2℃,阴/多云,东北风5-6级/东风3-4级
660,2017/2/18,13℃/3℃,晴/晴,东风3-4级/东南风3-4级
661,2017/2/19,21℃/6℃,多云/小雨,南风4-5级/西南风3-4级
662,2017/2/20,9℃/2℃,小雨/阴,东北风5-6级/东北风4-5级
663,2017/2/21,9℃/3℃,小雨/小到中雨,东风5-6级/东北风5-6级
664,2017/2/22,5℃/0℃,小雨/阴,西北风4-5级/西北风4-5级
665,2017/2/23,8℃/1℃,多云/多云,北风3-4级/北风≤3级
666,2017/2/24,10℃/0℃,晴/多云,东南风3-4级/南风3-4级
667,2017/2/25,13℃/2℃,多云/多云,西风≤3级/西风≤3级
668,2017/2/26,15℃/2℃,多云/晴,西风≤3级/东风≤3级
669,2017/2/27,15℃/4℃,晴/多云,东南风≤3级/东南风≤3级
670,2017/2/28,16℃/6℃,多云/阴,东南风3-4级/南风≤3级
671,2017/3/1,15℃/1℃,阴/多云,西北风5-6级/西北风4-5级
672,2017/3/2,11℃/1℃,晴/晴,西北风3-4级/南风3-4级
673,2017/3/3,15℃/3℃,多云/多云,南风3-4级/南风3-4级
674,2017/3/4,18℃/8℃,多云/阵雨,东风3-4级/东风≤3级
675,2017/3/5,17℃/6℃,阴/多云,东北风3-4级/东北风4-5级
676,2017/3/6,13℃/3℃,多云/多云,东北风3-4级/东风≤3级
677,2017/3/7,16℃/2℃,多云/多云,西风3-4级/西北风3-4级
678,2017/3/8,14℃/3℃,晴/晴,西北风4-5级/西北风3-4级
679,2017/3/9,18℃/7℃,晴/多云,南风3-4级/东风3-4级
680,2017/3/10,19℃/9℃,多云/多云,东风3-4级/东南风3-4级
681,2017/3/11,19℃/10℃,多云/阴,东南风3-4级/东风3-4级
682,2017/3/12,17℃/7℃,小雨/中雨,东风4-5级/东北风5-6级
683,2017/3/13,8℃/2℃,小雨/阴,东北风5-6级/东北风3-4级
684,2017/3/14,13℃/2℃,晴/晴,东北风3-4级/东风≤3级
685,2017/3/15,15℃/6℃,多云/阴,东南风3-4级/东南风3-4级
686,2017/3/16,13℃/4℃,多云/多云,东南风3-4级/东南风3-4级
687,2017/3/17,15℃/8℃,多云/阴,东南风3-4级/东风3-4级
688,2017/3/18,14℃/8℃,阴/阴,东风3-4级/东风3-4级
689,2017/3/19,12℃/8℃,小雨/小到中雨,东风4-5级/东风4-5级
690,2017/3/20,11℃/6℃,阴/多云,北风3-4级/北风3-4级
691,2017/3/21,15℃/7℃,多云/阴,北风3-4级/东风4-5级
692,2017/3/22,9℃/7℃,小雨/小雨,东风4-5级/东风3-4级
693,2017/3/23,9℃/7℃,阴/小雨,东北风3-4级/东北风3-4级
694,2017/3/24,10℃/6℃,小雨/阴,东风3-4级/东风3-4级
695,2017/3/25,16℃/6℃,多云/多云,西北风3-4级/西风3-4级
696,2017/3/26,18℃/6℃,多云/晴,西北风4-5级/西风3-4级
697,2017/3/27,20℃/9℃,晴/多云,西风3-4级/东南风3-4级
698,2017/3/28,23℃/7℃,多云/多云,西风5-6级/西北风4-5级
699,2017/3/29,17℃/9℃,多云/阴,东风3-4级/东风3-4级
700,2017/3/30,13℃/9℃,小到中雨/阵雨,东风4-5级/东风3-4级
701,2017/3/31,15℃/6℃,多云/多云,北风4-5级/南风3-4级
702,2017/4/1,18℃/8℃,晴/晴,西北风4-5级/西风3-4级
703,2017/4/2,22℃/10℃,晴/多云,西风3-4级/南风3-4级
704,2017/4/3,23℃/13℃,多云/多云,东南风4-5级/东南风3-4级
705,2017/4/4,19℃/15℃,阵雨/阵雨,东南风4-5级/东南风3-4级
706,2017/4/5,19℃/15℃,阵雨/中雨,西风3-4级/西风3-4级
707,2017/4/6,17℃/13℃,中到大雨/小雨,东北风4-5级/东风3-4级
708,2017/4/7,19℃/14℃,阴/多云,东风≤3级/东风≤3级
709,2017/4/8,21℃/11℃,阵雨/中到大雨,东风3-4级/东北风4-5级
710,2017/4/9,13℃/9℃,阵雨/小到中雨,东北风5-6级/东北风3-4级
711,2017/4/10,11℃/8℃,阵雨/阵雨,东北风3-4级/东北风3-4级
712,2017/4/11,16℃/9℃,阴/多云,西北风3-4级/北风3-4级
713,2017/4/12,20℃/8℃,多云/多云,东风3-4级/南风3-4级
714,2017/4/13,23℃/13℃,晴/晴,南风3-4级/南风3-4级
715,2017/4/14,27℃/15℃,晴/晴,西南风4-5级/西南风3-4级
716,2017/4/15,29℃/18℃,晴/多云,西南风3-4级/东风3-4级
717,2017/4/16,28℃/18℃,雷阵雨/小到中雨,东南风3-4级/西风4-5级
718,2017/4/17,25℃/17℃,多云/多云,西北风4-5级/西南风4-5级
719,2017/4/18,27℃/14℃,晴/晴,西北风4-5级/西北风3-4级
720,2017/4/19,27℃/17℃,多云/阵雨,东南风4-5级/西北风4-5级
721,2017/4/20,23℃/15℃,多云/多云,北风4-5级/西北风3-4级
722,2017/4/21,21℃/10℃,多云/多云,西北风5-6级/西北风3-4级
723,2017/4/22,21℃/10℃,晴/晴,北风≤3级/东南风≤3级
724,2017/4/23,25℃/13℃,晴/多云,南风3-4级/东南风≤3级
725,2017/4/24,28℃/17℃,晴/多云,南风3～4级/东南风3～4级
726,2017/4/25,25℃/16℃,多云/雷阵雨,东北风4-5级/东北风4-5级
727,2017/4/26,20℃/11℃,阴/多云,东北风4-5级/北风3-4级
728,2017/4/27,23℃/12℃,多云/晴,西北风3-4级/西风3-4级
729,2017/4/28,27℃/14℃,晴/晴,西南风4-5级/西南风3-4级
730,2017/4/29,29℃/16℃,晴/多云,西南风4-5级/西南风3-4级
731,2017/4/30,30℃/16℃,晴/多云,西南风3-4级/东南风3-4级
732,2017/5/1,30℃/19℃,多云/雷阵雨,东风3-4级/东风3-4级
733,2017/5/2,19℃/16℃,阵雨/多云,东风4-5级/东风4-5级
734,2017/5/3,22℃/17℃,阴/中雨,东风4-5级/东风4-5级
735,2017/5/4,21℃/16℃,阵雨/阴,北风4-5级/北风3-4级
736,2017/5/5,25℃/16℃,多云/多云,西北风4-5级/西北风3-4级
737,2017/5/6,24℃/18℃,多云/多云,东风3-4级/东风3-4级
738,2017/5/7,27℃/17℃,多云/阵雨,东南风3-4级/东风3-4级
739,2017/5/8,17℃/15℃,阵雨/阴,东风3-4级/西南风3-4级
740,2017/5/9,23℃/15℃,多云/多云,西北风4-5级/西南风3-4级
741,2017/5/10,30℃/19℃,晴/多云,西南风5-6级/西南风3-4级
742,2017/5/11,28℃/18℃,阵雨/雷阵雨,西风3-4级/北风≤3级
743,2017/5/12,29℃/18℃,多云/多云,南风3-4级/西南风3-4级
744,2017/5/13,33℃/20℃,晴/晴,南风3～4级/东风3～4级
745,2017/5/14,30℃/18℃,多云/多云,东风3～4级/东南风3～4级
746,2017/5/15,26℃/16℃,雷阵雨/阵雨,北风3～4级/东北风4～5级
747,2017/5/16,25℃/15℃,多云/晴,东风3-4级/东南风3-4级
748,2017/5/17,28℃/16℃,晴/晴,东南风3-4级/东南风3-4级
749,2017/5/18,30℃/19℃,晴/多云,东南风3-4级/东南风3-4级
750,2017/5/19,28℃/19℃,多云/阴,东南风3-4级/东南风3-4级
751,2017/5/20,29℃/19℃,阴/多云,东南风3-4级/东南风3-4级
752,2017/5/21,30℃/20℃,多云/多云,东南风3-4级/东南风3-4级
753,2017/5/22,30℃/21℃,晴/阵雨,东南风3-4级/东南风3-4级
754,2017/5/23,24℃/18℃,中雨/阵雨,东北风4-5级/北风3-4级
755,2017/5/24,25℃/15℃,多云/多云,北风3-4级/西北风3-4级
756,2017/5/25,30℃/17℃,多云/晴,西北风3-4级/西风3-4级
757,2017/5/26,30℃/18℃,晴/晴,东风3-4级/东南风3-4级
758,2017/5/27,33℃/20℃,晴/晴,南风3-4级/南风3-4级
759,2017/5/28,34℃/20℃,晴/晴,东南风3-4级/南风3-4级
760,2017/5/29,34℃/21℃,多云/多云,东南风4-5级/东南风3-4级
761,2017/5/30,33℃/23℃,多云/多云,南风3-4级/西南风3-4级
762,2017/5/31,33℃/24℃,多云/多云,西南风3-4级/东南风≤3级
763,2017/6/1,33℃/22℃,多云/晴,东风≤3级/东风3-4级
764,2017/6/2,33℃/21℃,多云/多云,东南风3-4级/东南风3-4级
765,2017/6/3,32℃/20℃,多云/多云,东风3-4级/东风3-4级
766,2017/6/4,30℃/20℃,多云/阴,东风4-5级/东风4-5级
767,2017/6/5,22℃/18℃,中到大雨/中到大雨,东风5-6级/东风4-5级
768,2017/6/6,23℃/18℃,阵雨/阴,西北风5-6级/西风3-4级
769,2017/6/7,29℃/20℃,多云/多云,西风3-4级/东南风3-4级
770,2017/6/8,31℃/22℃,多云/多云,东南风≤3级/东南风3-4级
771,2017/6/9,31℃/23℃,多云/中到大雨,西南风3-4级/南风4-5级
772,2017/6/10,25℃/20℃,大到暴雨/阴,南风5-6级/北风4-5级
773,2017/6/11,29℃/21℃,多云/多云,东风4-5级/东风3-4级
774,2017/6/12,26℃/20℃,多云/多云,东风3-4级/东风3-4级
775,2017/6/13,25℃/20℃,阴/多云,东风4-5级/东风3-4级
776,2017/6/14,27℃/19℃,多云/多云,东风3-4级/东风3-4级
777,2017/6/15,28℃/19℃,多云/多云,东风3-4级/南风3-4级
778,2017/6/16,29℃/19℃,多云/多云,东南风3-4级/东南风3-4级
779,2017/6/17,29℃/19℃,晴/多云,东南风4-5级/东南风3-4级
780,2017/6/18,29℃/21℃,多云/多云,东南风4-5级/东南风3-4级
781,2017/6/19,30℃/22℃,多云/阴,东南风3-4级/东南风3-4级
782,2017/6/20,27℃/22℃,阵雨/多云,东南风3-4级/东南风3-4级
783,2017/6/21,28℃/23℃,阴/阴,东风4-5级/东北风3-4级
784,2017/6/22,28℃/23℃,阴/阴,东南风3-4级/东南风3-4级
785,2017/6/23,27℃/22℃,阵雨/大雨,南风3-4级/南风3-4级
786,2017/6/24,29℃/22℃,雷阵雨/阴,南风3-4级/西风3-4级
787,2017/6/25,29℃/22℃,雷阵雨/阴,西风≤3级/西南风3-4级
788,2017/6/26,30℃/23℃,多云/多云,西北风3-4级/西风≤3级
789,2017/6/27,31℃/23℃,多云/多云,西南风3-4级/南风3-4级
790,2017/6/28,30℃/23℃,雷阵雨/阴,东南风3-4级/东南风3-4级
791,2017/6/29,30℃/24℃,多云/雷阵雨,东南风3-4级/东南风3-4级
792,2017/6/30,28℃/24℃,雷阵雨/中到大雨,东南风3-4级/东南风3-4级
793,2017/7/1,26℃/24℃,中雨/中雨,南风3-4级/南风3-4级
794,2017/7/2,26℃/23℃,中雨/雷阵雨,南风3-4级/西南风3-4级
795,2017/7/3,31℃/24℃,雷阵雨/雷阵雨,西南风3-4级/西南风3-4级
796,2017/7/4,31℃/25℃,雷阵雨/阴,南风3-4级/南风3-4级
797,2017/7/5,34℃/26℃,雷阵雨/多云,西南风4-5级/南风3-4级
798,2017/7/6,33℃/27℃,雷阵雨/多云,南风3-4级/南风≤3级
799,2017/7/7,33℃/27℃,雷阵雨/多云,西南风4-5级/西南风3-4级
800,2017/7/8,32℃/27℃,雷阵雨/雷阵雨,南风3-4级/南风≤3级
801,2017/7/9,32℃/26℃,雷阵雨/多云,南风3-4级/南风3-4级
802,2017/7/10,29℃/24℃,雷阵雨/雷阵雨,西南风4～5级/西南风3～4级
803,2017/7/11,32℃/26℃,雷阵雨/多云,南风3-4级/南风3-4级
804,2017/7/12,33℃/27℃,多云/多云,南风3-4级/南风3-4级
805,2017/7/13,34℃/28℃,多云/多云,西南风4-5级/南风3-4级
806,2017/7/14,34℃/27℃,雷阵雨/多云,西南风3-4级/南风≤3级
807,2017/7/15,36℃/27℃,多云/多云,南风4-5级/南风3-4级
808,2017/7/16,37℃/28℃,多云/多云,南风4-5级/南风3-4级
809,2017/7/17,37℃/28℃,多云/多云,南风3-4级/南风3-4级
810,2017/7/18,36℃/28℃,晴/晴,西南风4-5级/西南风3-4级
811,2017/7/19,36℃/28℃,多云/多云,西南风4-5级/西南风3-4级
812,2017/7/20,37℃/28℃,多云/晴,西南风4-5级/西南风3-4级
813,2017/7/21,38℃/29℃,晴/晴,西南风4-5级/西南风3-4级
814,2017/7/22,39℃/29℃,晴/晴,西南风4-5级/西南风≤3级
815,2017/7/23,40℃/30℃,晴/晴,西南风3-4级/西南风≤3级
816,2017/7/24,39℃/29℃,晴/晴,西南风3-4级/西南风≤3级
817,2017/7/25,40℃/29℃,晴/晴,西风3-4级/东风3-4级
818,2017/7/26,38℃/29℃,晴/晴,东风3-4级/东南风≤3级
819,2017/7/27,39℃/29℃,晴/多云,东风3-4级/东风≤3级
820,2017/7/28,39℃/29℃,晴/晴,东风3-4级/东风3-4级
821,2017/7/29,36℃/28℃,多云/多云,东风3-4级/东风3-4级
822,2017/7/30,35℃/28℃,雷阵雨/多云,东风4-5级/东风4-5级
823,2017/7/31,35℃/29℃,雷阵雨/多云,东风5-6级/东风5-6级
824,2017/8/1,33℃/28℃,雷阵雨/雷阵雨,东南风5-6级/东南风4-5级
825,2017/8/2,31℃/27℃,小到中雨/阴,东南风5-6级/南风4-5级
826,2017/8/3,32℃/27℃,雷阵雨/阴,西南风4-5级/西南风3-4级
827,2017/8/4,35℃/28℃,雷阵雨/多云,西南风3-4级/西南风≤3级
828,2017/8/5,36℃/28℃,雷阵雨/多云,西南风3-4级/西南风3-4级
829,2017/8/6,37℃/29℃,多云/多云,西风3-4级/西风3-4级
830,2017/8/7,36℃/28℃,雷阵雨/中雨,西风3-4级/南风3-4级
831,2017/8/8,28℃/24℃,暴雨/中雨,西风4-5级/西风4-5级
832,2017/8/9,29℃/24℃,阵雨/多云,南风3-4级/西南风3-4级
833,2017/8/10,34℃/27℃,多云/多云,西南风3-4级/南风≤3级
834,2017/8/11,35℃/27℃,多云/阴,南风3-4级/东南风≤3级
835,2017/8/12,31℃/26℃,大雨/中雨,东南风4～5级/东南风3～4级
836,2017/8/13,29℃/25℃,中雨/阵雨,西南风4-5级/西南风3-4级
837,2017/8/14,31℃/24℃,雷阵雨/阴,西风3-4级/西南风3-4级
838,2017/8/15,32℃/25℃,多云/多云,西北风3-4级/西北风≤3级
839,2017/8/16,28℃/25℃,雷阵雨/多云,南风3-4级/东南风3-4级
840,2017/8/17,32℃/24℃,雷阵雨/多云,南风≤3级/南风≤3级
841,2017/8/18,32℃/25℃,雷阵雨/阴,南风3-4级/南风3-4级
842,2017/8/19,33℃/25℃,雷阵雨/中到大雨,南风3-4级/东风3-4级
843,2017/8/20,29℃/24℃,雷阵雨/多云,西南风3-4级/西风3-4级
844,2017/8/21,33℃/26℃,多云/多云,东北风≤3级/东风3-4级
845,2017/8/22,34℃/27℃,多云/晴,东风3-4级/东风3-4级
846,2017/8/23,36℃/28℃,晴/晴,东南风4-5级/东南风3-4级
847,2017/8/24,35℃/26℃,多云/雷阵雨,西南风3-4级/西南风≤3级
848,2017/8/25,31℃/25℃,小到中雨/雷阵雨,北风3-4级/东北风4-5级
849,2017/8/26,28℃/23℃,阴/阴,东北风4-5级/北风3-4级
850,2017/8/27,33℃/26℃,晴/多云,东南风3-4级/东南风3-4级
851,2017/8/28,35℃/26℃,多云/阴,西南风3-4级/东北风4-5级
852,2017/8/29,28℃/23℃,雷阵雨/阴,东北风4-5级/东北风4-5级
853,2017/8/30,25℃/22℃,阴/阵雨,东北风4-5级/东风3-4级
854,2017/8/31,23℃/20℃,阵雨/阵雨,东北风3-4级/东北风3-4级
855,2017/9/1,27℃/20℃,多云/阴,东风3-4级/东风3-4级
856,2017/9/2,25℃/22℃,阴/阵雨,东风3-4级/东风3-4级
857,2017/9/3,24℃/21℃,中雨/阵雨,东风4-5级/东风4-5级
858,2017/9/4,26℃/22℃,阵雨/阴,东风3-4级/北风≤3级
859,2017/9/5,31℃/23℃,多云/雷阵雨,西北风3-4级/北风≤3级
860,2017/9/6,26℃/22℃,中雨/阵雨,西北风3-4级/北风3-4级
861,2017/9/7,27℃/20℃,多云/多云,北风3-4级/东风3-4级
862,2017/9/8,30℃/22℃,多云/多云,东风3-4级/东风3-4级
863,2017/9/9,27℃/23℃,阴/阴,东风3-4级/东风3-4级
864,2017/9/10,29℃/21℃,中雨/阵雨,东南风3-4级/西北风3-4级
865,2017/9/11,24℃/19℃,阵雨/多云,西北风3-4级/北风3-4级
866,2017/9/12,28℃/20℃,晴/晴,东北风3-4级/东北风3-4级
867,2017/9/13,29℃/19℃,多云/多云,东风3-4级/东风4-5级
868,2017/9/14,29℃/21℃,晴/多云,东北风4-5级/东北风4-5级
869,2017/9/15,27℃/20℃,阴/多云,东北风4-5级/东北风4-5级
870,2017/9/16,27℃/18℃,多云/晴,北风3-4级/北风≤3级
871,2017/9/17,29℃/19℃,晴/晴,北风3-4级/西风≤3级
872,2017/9/18,30℃/20℃,晴/多云,东南风≤3级/东南风≤3级
873,2017/9/19,28℃/22℃,阵雨/阵雨,南风≤3级/东南风≤3级
874,2017/9/20,23℃/19℃,阵雨/阴,东风3-4级/东北风3-4级
875,2017/9/21,26℃/20℃,阴/阴,东风3-4级/东风3-4级
876,2017/9/22,26℃/21℃,多云/阵雨,东南风3-4级/东南风3-4级
877,2017/9/23,25℃/20℃,阵雨/小到中雨,东南风3-4级/东南风3-4级
878,2017/9/24,22℃/20℃,大雨/阵雨,东风3-4级/东风3-4级
879,2017/9/25,25℃/22℃,大到暴雨/阵雨,东南风4-5级/西北风4-5级
880,2017/9/26,29℃/23℃,阴/阴,西风3-4级/西风≤3级
881,2017/9/27,25℃/18℃,阵雨/阵雨,北风4-5级/北风3-4级
882,2017/9/28,25℃/17℃,多云/阴,东北风3-4级/东风3-4级
883,2017/9/29,23℃/19℃,多云/阵雨,东南风3-4级/东南风3-4级
884,2017/9/30,23℃/20℃,阵雨/小到中雨,东南风3-4级/东南风4-5级
885,2017/10/1,28℃/21℃,雷阵雨/中到大雨,西南风3-4级/东北风3-4级
886,2017/10/2,23℃/19℃,中到大雨/阴,东北风4-5级/东北风4-5级
887,2017/10/3,22℃/16℃,阴/阵雨,东北风4-5级/东北风4-5级
888,2017/10/4,19℃/15℃,阵雨/阵雨,东北风4-5级/东北风4-5级
889,2017/10/5,16℃/13℃,小到中雨/阴,东北风3-4级/北风3-4级
890,2017/10/6,23℃/14℃,多云/多云,北风3-4级/北风3-4级
891,2017/10/7,24℃/18℃,多云/晴,东南风3-4级/东南风3-4级
892,2017/10/8,28℃/19℃,晴/晴,东风≤3级/东南风≤3级
893,2017/10/9,29℃/22℃,晴/晴,东南风3-4级/东南风3-4级
894,2017/10/10,28℃/20℃,雷阵雨/雷阵雨,北风3-4级/北风4-5级
895,2017/10/11,18℃/14℃,阵雨/小到中雨,东北风4-5级/东北风4-5级
896,2017/10/12,15℃/13℃,小到中雨/阴,东北风4-5级/东北风3-4级
897,2017/10/13,20℃/15℃,多云/阵雨,东北风3-4级/东北风3-4级
898,2017/10/14,19℃/16℃,阴/小雨,东北风4-5级/东北风4-5级
899,2017/10/15,18℃/14℃,小雨/小雨,东北风4-5级/东北风4-5级
900,2017/10/16,18℃/15℃,阵雨/阵雨,东北风4-5级/东北风4-5级
901,2017/10/17,18℃/15℃,小雨/小雨,东北风4-5级/东北风3-4级
902,2017/10/18,18℃/14℃,阴/阴,北风3-4级/东北风≤3级
903,2017/10/19,19℃/13℃,多云/多云,北风3-4级/北风≤3级
904,2017/10/20,21℃/12℃,多云/多云,北风3-4级/北风3-4级
905,2017/10/21,23℃/12℃,多云/晴,北风3-4级/北风3-4级
906,2017/10/22,22℃/11℃,多云/晴,北风3-4级/北风3-4级
907,2017/10/23,19℃/11℃,多云/多云,北风3-4级/北风≤3级
908,2017/10/24,19℃/9℃,晴/晴,北风3-4级/东北风3-4级
909,2017/10/25,20℃/12℃,晴/多云,东风3-4级/东风3-4级
910,2017/10/26,21℃/11℃,多云/多云,东风3-4级/东北风3-4级
911,2017/10/27,23℃/11℃,晴/晴,东北风3-4级/东北风3-4级
912,2017/10/28,22℃/12℃,晴/晴,东北风3-4级/北风3-4级
913,2017/10/29,18℃/7℃,多云/多云,北风5-6级/北风4-5级
914,2017/10/30,15℃/7℃,晴/晴,北风3-4级/东北风≤3级
915,2017/10/31,18℃/9℃,晴/晴,东南风3-4级/东南风≤3级
916,2017/11/1,21℃/10℃,晴/多云,东南风3-4级/南风≤3级
917,2017/11/2,23℃/11℃,多云/多云,西南风3-4级/西风3-4级
918,2017/11/3,20℃/8℃,多云/多云,东北风5-6级/东北风4-5级
919,2017/11/4,15℃/6℃,晴/晴,东北风3-4级/东风3-4级
920,2017/11/5,17℃/9℃,晴/晴,东南风3-4级/东南风≤3级
921,2017/11/6,21℃/12℃,多云/多云,东南风3-4级/东南风≤3级
922,2017/11/7,22℃/12℃,多云/多云,西风3-4级/西北风3-4级
923,2017/11/8,22℃/10℃,晴/晴,东北风3-4级/东风3-4级
924,2017/11/9,21℃/11℃,晴/多云,东南风3-4级/东南风3-4级
925,2017/11/10,20℃/7℃,多云/多云,西北风4-5级/北风4-5级
926,2017/11/11,16℃/11℃,多云/阴,东北风3-4级/东风≤3级
927,2017/11/12,18℃/12℃,多云/阴,东风3-4级/东风≤3级
928,2017/11/13,18℃/10℃,阴/阴,东北风<3级/东北风<3级
929,2017/11/14,18℃/11℃,多云/多云,东北风<3级/东北风<3级
930,2017/11/15,18℃/12℃,多云/阴,东北风3～4级/东风3～4级
931,2017/11/16,17℃/14℃,小雨/小雨,东风3～4级/东南风3～4级
932,2017/11/17,16℃/6℃,小雨/小雨,东北风4～5级/东北风5～6级
933,2017/11/18,10℃/3℃,多云/多云,东北风5～6级/东北风4～5级
934,2017/11/19,10℃/4℃,多云/阴,东风3～4级/东北风3～4级
935,2017/11/20,12℃/3℃,多云/多云,东北风3～4级/东北风3～4级
936,2017/11/21,13℃/7℃,多云/阴,东南风3～4级/西风<3级
937,2017/11/22,14℃/2℃,多云/多云,西北风4～5级/西北风4～5级
938,2017/11/23,13℃/3℃,晴/晴,西风3～4级/西风<3级
939,2017/11/24,14℃/5℃,晴/多云,西风<3级/东风3～4级
940,2017/11/25,17℃/6℃,多云/多云,西南风3～4级/西风3～4级
941,2017/11/26,15℃/3℃,多云/多云,东北风3～4级/东风3～4级
942,2017/11/27,15℃/9℃,多云/多云,东南风3～4级/东南风3～4级
943,2017/11/28,16℃/10℃,小雨/小雨,西风3～4级/北风3～4级
944,2017/11/29,12℃/6℃,小雨/小雨-中雨,东北风4～5级/东北风4～5级
945,2017/11/30,10℃/3℃,阴/多云,东北风4～5级/东北风3～4级
946,2017/12/1,10℃/3℃,多云/多云,东北风3～4级/东北风3～4级
947,2017/12/2,14℃/4℃,多云/多云,东南风3～4级/东风3～4级
948,2017/12/3,14℃/5℃,多云/多云,西北风3～4级/西北风3～4级
949,2017/12/4,12℃/0℃,晴/晴,北风4～5级/北风3～4级
950,2017/12/5,9℃/0℃,晴/多云,北风3～4级/东南风3～4级
951,2017/12/6,11℃/2℃,多云/多云,南风3～4级/东南风<3级
952,2017/12/7,13℃/0℃,多云/多云,北风3～4级/北风4～5级
953,2017/12/8,7℃/-1℃,晴/晴,西北风3～4级/西风<3级
954,2017/12/9,9℃/1℃,多云/多云,西南风3～4级/西南风3～4级
955,2017/12/10,12℃/-2℃,多云/晴,西北风4～5级/西北风4～5级
956,2017/12/11,11℃/1℃,晴/晴,东风3～4级/东北风3～4级
957,2017/12/12,9℃/2℃,多云/多云,东北风4～5级/东北风4～5级
958,2017/12/13,9℃/4℃,多云/小雨,东风4～5级/东风4～5级
959,2017/12/14,6℃/4℃,小雨/小雨,东风4～5级/东北风3～4级
960,2017/12/15,7℃/3℃,小雨/阴,东北风3～4级/北风3～4级
961,2017/12/16,7℃/-4℃,多云/晴,西北风4～5级/西北风4～5级
962,2017/12/17,4℃/-3℃,晴/晴,西北风3～4级/西南风3～4级
963,2017/12/18,8℃/-2℃,多云/多云,西南风3～4级/西风3～4级
964,2017/12/19,9℃/-2℃,晴/晴,北风3～4级/东南风<3级
965,2017/12/20,10℃/-2℃,多云/晴,西北风4～5级/西北风3～4级
966,2017/12/21,12℃/-1℃,晴/晴,南风3～4级/南风3～4级
967,2017/12/22,14℃/2℃,晴/多云,东南风3～4级/东风<3级
968,2017/12/23,13℃/5℃,多云/阴,北风3～4级/西风4～5级
969,2017/12/24,11℃/-2℃,多云/晴,西北风4～5级/北风3～4级
970,2017/12/25,9℃/-1℃,晴/晴,东风3～4级/东南风3～4级
971,2017/12/26,12℃/1℃,晴/晴,东风3～4级/东南风3～4级
972,2017/12/27,11℃/4℃,多云/多云,东南风3～4级/东南风3～4级
973,2017/12/28,10℃/7℃,小雨/阴,东南风3～4级/东南风<3级
974,2017/12/29,12℃/8℃,阴/阴,东风<3级/东风<3级
975,2017/12/30,10℃/0℃,阴/多云,西北风4～5级/西北风3～4级
976,2017/12/31,9℃/-1℃,晴/晴,西风<3级/东风<3级
977,2018/1/1,12℃/2℃,多云/阴,东南风3～4级/东风3～4级
978,2018/1/1,12℃/2℃,多云/阴,东南风3～4级/东风3～4级
979,2018/1/2,11℃/6℃,阴/小雨,东风3～4级/东北风4～5级
980,2018/1/3,5℃/0℃,中雨/中雨,东北风5～6级/东北风4～5级
981,2018/1/4,1℃/-1℃,暴雪/中雪,东北风4～5级/东北风4～5级
982,2018/1/5,1℃/-6℃,多云/多云,东北风3～4级/东北风<3级
983,2018/1/6,4℃/-1℃,阴/小雨,东北风3～4级/东北风3～4级
984,2018/1/7,4℃/-1℃,小雨/雨夹雪,东北风3～4级/西北风3～4级
985,2018/1/8,2℃/-6℃,多云/多云,西北风5～6级/西风4～5级
986,2018/1/9,5℃/-4℃,晴/晴,西北风3～4级/西北风3～4级
987,2018/1/10,6℃/-3℃,晴/晴,西北风3～4级/西风3～4级
988,2018/1/11,6℃/-5℃,晴/晴,北风3～4级/北风3～4级
989,2018/1/12,4℃/-5℃,晴/晴,北风3～4级/北风3～4级
990,2018/1/13,7℃/-3℃,晴/多云,东南风3～4级/东南风3～4级
991,2018/1/14,11℃/1℃,多云/多云,东南风3～4级/东南风3～4级
992,2018/1/15,14℃/2℃,多云/阴,东南风3～4级/东南风3～4级
993,2018/1/16,10℃/2℃,小雨/小雨,西北风<3级/西风<3级
994,2018/1/17,11℃/2℃,多云/多云,南风<3级/东风<3级
995,2018/1/18,11℃/4℃,多云/多云,东北风3～4级/东风<3级
996,2018/1/19,8℃/2℃,小雨/阴,东风<3级/东风<3级
997,2018/1/20,9℃/3℃,多云/阴,东风<3级/东风<3级
998,2018/1/21,9℃/3℃,小雨-中雨/小雨,东风<3级/北风<3级
999,2018/1/22,12℃/1℃,少云/少云,西北偏西风2/西北偏西风2
1000,2018/1/23,6℃/-1℃,阴/阴,东北风4～5级/东北风4～5级
1001,2018/1/24,3℃/-1℃,阴/大雪,东北风4～5级/东北风4～5级
1002,2018/1/25,0℃/-3℃,大雪-暴雪/中雪,东北风5～6级/东北风4～5级
1003,2018/1/26,-1℃/-3℃,阴/小雪,东北风4～5级/东北风3～4级
1004,2018/1/27,-1℃/-2℃,大雪-暴雪/大雪,东北风4～5级/东北风4～5级
1005,2018/1/28,-1℃/-7℃,小雪/多云,东北风4～5级/北风3～4级
1006,2018/1/29,1℃/-6℃,多云/多云,西北风3～4级/西风3～4级
1007,2018/1/30,1℃/-7℃,多云/阴,西风3～4级/北风3～4级
1008,2018/1/31,2℃/-8℃,阴/多云,西风<3级/西风<3级
1009,2018/2/1,3℃/-4℃,晴/多云,西风<3级/西北风<3级
1010,2018/2/2,5℃/-5℃,多云/多云,东北风4～5级/北风3～4级
1011,2018/2/3,2℃/-7℃,晴/晴,东北风3～4级/西北风3～4级
1012,2018/2/4,3℃/-6℃,晴/晴,西风3～4级/西风<3级
1013,2018/2/5,5℃/-5℃,晴/晴,西风3～4级/北风3～4级
1014,2018/2/6,4℃/-4℃,晴/多云,东风3～4级/东风3～4级
1015,2018/2/7,6℃/-4℃,多云/多云,西南风3～4级/西北风3～4级
1016,2018/2/8,6℃/-1℃,多云/多云,东风3～4级/东风3～4级
1017,2018/2/9,9℃/3℃,阴/阴,南风<3级/东北风3～4级
1018,2018/2/10,7℃/-2℃,阴/多云,东北风4～5级/西北风3～4级
1019,2018/2/11,9℃/-4℃,晴/晴,西北风4～5级/西风3～4级
1020,2018/2/12,8℃/-3℃,晴/晴,西北风4～5级/西风3～4级
1021,2018/2/13,13℃/1℃,晴/多云,西南风4～5级/南风3～4级
1022,2018/2/14,17℃/5℃,多云/阴,东风3～4级/东风3～4级
1023,2018/2/15,7℃/4℃,小雨/小雨,东北风3～4级/东风3～4级
1024,2018/2/16,12℃/2℃,阴/多云,东风<3级/东风4～5级
1025,2018/2/17,12℃/4℃,多云/阴,东风4～5级/东风4～5级
1026,2018/2/18,8℃/5℃,小雨/小雨,东北风3～4级/东北风3～4级
1027,2018/2/19,7℃/3℃,小雨/阴,东北风3～4级/东北风3～4级
1028,2018/2/20,7℃/3℃,中雨/小雨,东北风4～5级/东北风3～4级
1029,2018/2/21,7℃/3℃,阴/阴,东北风3～4级/东风3～4级
1030,2018/2/22,15℃/2℃,晴/晴,西南风3～4级/西南风4～5级
1031,2018/2/23,15℃/4℃,晴/阴,南风3～4级/东南风<3级
1032,2018/2/24,12℃/6℃,阴/阴,东风3～4级/北风3～4级
1033,2018/2/25,12℃/2℃,多云/晴,东风3～4级/东风3～4级
1034,2018/2/26,15℃/5℃,晴/多云,东南风3～4级/东风3～4级
1035,2018/2/27,17℃/10℃,阴/中雨,东风4～5级/东南风4～5级
1036,2018/2/28,13℃/7℃,阴/多云,西北风5～6级/西风3～4级
1037,2018/3/1,13℃/4℃,多云/小雨,东北风4～5级/东风4～5级
1038,2018/3/2,12℃/5℃,阴/小雨,东风4～5级/东风3～4级
1039,2018/3/3,20℃/9℃,阴/小雨-中雨,东南风3～4级/东南风3～4级
1040,2018/3/4,23℃/7℃,小雨-中雨/小雨-中雨,东南风3～4级/东北风5～6级
1041,2018/3/5,12℃/3℃,阴/多云,北风4～5级/东北风3～4级
1042,2018/3/6,8℃/5℃,多云/阵雨,东北风4～5级/东北风4～5级
1043,2018/3/7,7℃/4℃,小雨-中雨/阵雨,东北风4～5级/北风3～4级
1044,2018/3/8,11℃/-1℃,多云/晴,北风4～5级/东北风3～4级
1045,2018/3/9,10℃/1℃,晴/晴,北风3～4级/南风3～4级
1046,2018/3/10,16℃/5℃,多云/多云,南风3～4级/东南风3～4级
1047,2018/3/11,20℃/8℃,多云/多云,东风3～4级/东南风3～4级
1048,2018/3/12,23℃/11℃,多云/多云,西南风3～4级/东南风3～4级
1049,2018/3/13,25℃/14℃,多云/阵雨,南风3～4级/南风3～4级
1050,2018/3/14,21℃/15℃,雷阵雨/小雨-中雨,南风3～4级/东南风3～4级
1051,2018/3/15,21℃/7℃,小雨-中雨/雷阵雨,南风3～4级/北风5～6级
1052,2018/3/16,10℃/4℃,阴/多云,东北风4～5级/东风3～4级
1053,2018/3/17,16℃/7℃,多云/小雨,东南风4～5级/东南风4～5级
1054,2018/3/18,12℃/8℃,阵雨/小雨,东北风3～4级/东北风3～4级
1055,2018/3/19,10℃/3℃,阵雨/阵雨,东北风3～4级/西北风3～4级
1056,2018/3/20,6℃/3℃,阵雨/阵雨,西北风4～5级/西北风4～5级
1057,2018/3/21,11℃/2℃,多云/多云,西北风4～5级/西南风3～4级
1058,2018/3/22,16℃/6℃,多云/多云,西南风3～4级/南风3～4级
1059,2018/3/23,21℃/10℃,晴/晴,南风3～4级/南风3～4级
1060,2018/3/24,22℃/11℃,多云/阴,东南风3～4级/东南风3～4级
1061,2018/3/25,24℃/11℃,多云/多云,南风3～4级/南风3～4级
1062,2018/3/26,24℃/12℃,晴/晴,南风3～4级/南风3～4级
1063,2018/3/27,25℃/13℃,晴/晴,南风3～4级/南风3～4级
1064,2018/3/28,27℃/14℃,晴/多云,南风3～4级/东南风3～4级
1065,2018/3/29,26℃/15℃,多云/多云,东风3～4级/东风3～4级
1066,2018/3/30,23℃/14℃,多云/多云,东风4～5级/东风4～5级
1067,2018/3/31,26℃/14℃,多云/多云,东南风3～4级/东南风3～4级
1068,2018/4/1,27℃/17℃,多云/多云,南风3～4级/南风3～4级
1069,2018/4/2,27℃/18℃,雷阵雨/阴,南风3～4级/东南风3～4级
1070,2018/4/3,28℃/12℃,雷阵雨/雷阵雨,南风3～4级/东北风4～5级
1071,2018/4/4,13℃/10℃,阴/阴,东北风5～6级/东北风4～5级
1072,2018/4/5,11℃/7℃,中雨-大雨/阵雨,东北风4～5级/西北风4～5级
1073,2018/4/6,16℃/5℃,多云/晴,西北风5～6级/西北风4～5级
1074,2018/4/7,14℃/7℃,晴/晴,西北风4～5级/西南风3～4级
1075,2018/4/8,22℃/10℃,晴/晴,西南风4～5级/西南风3～4级
1076,2018/4/9,27℃/15℃,晴/晴,南风4～5级/南风3～4级
1077,2018/4/10,29℃/18℃,晴/多云,西南风4～5级/西南风3～4级
1078,2018/4/11,27℃/16℃,多云/阴,东北风3～4级/东风3～4级
1079,2018/4/12,21℃/14℃,雷阵雨/阵雨,东风4～5级/东风4～5级
1080,2018/4/13,16℃/12℃,小雨-中雨/阵雨,东风5～6级/北风4～5级
1081,2018/4/14,15℃/9℃,阴/多云,西北风4～5级/西北风3～4级
1082,2018/4/15,20℃/8℃,晴/多云,西北风3～4级/东北风3～4级
1083,2018/4/16,22℃/9℃,多云/晴,东南风3～4级/东南风3～4级
1084,2018/4/17,22℃/10℃,晴/晴,东南风3～4级/东南风3～4级
1085,2018/4/18,26℃/13℃,晴/晴,东南风3～4级/东南风3～4级
1086,2018/4/19,29℃/15℃,晴/晴,东南风3～4级/东南风3～4级
1087,2018/4/20,30℃/18℃,多云/多云,东南风4～5级/东南风3～4级
1088,2018/4/21,27℃/20℃,雷阵雨/雷阵雨,东南风4～5级/东南风3～4级
1089,2018/4/22,25℃/17℃,雷阵雨/雷阵雨,西风3～4级/西北风4～5级
1090,2018/4/23,17℃/13℃,阵雨/阴,东北风4～5级/东北风4～5级
1091,2018/4/24,19℃/12℃,多云/多云,北风4～5级/北风3～4级
1092,2018/4/25,23℃/14℃,多云/阴,北风3～4级/东南风<3级
1093,2018/4/26,23℃/14℃,多云/多云,南风3～4级/西风<3级
1094,2018/4/27,28℃/14℃,多云/多云,北风3～4级/东南风3～4级
1095,2018/4/28,29℃/18℃,多云/阴,东南风3～4级/东南风3～4级
1096,2018/4/29,26℃/18℃,雷阵雨/阴,南风3～4级/南风3～4级
1097,2018/4/30,30℃/20℃,雷阵雨/阴,南风<3级/东南风<3级
1098,2018/5/1,28℃/21℃,雷阵雨/雷阵雨,西南风<3级/西风3～4级
1099,2018/5/2,25℃/13℃,阴/多云,北风4～5级/东北风3～4级
1100,2018/5/3,27℃/13℃,晴/晴,西风3～4级/东南风3～4级
1101,2018/5/4,28℃/18℃,多云/雷阵雨,东南风4～5级/南风4～5级
1102,2018/5/5,22℃/18℃,中雨/大雨-暴雨,南风4～5级/东南风4～5级
1103,2018/5/6,23℃/16℃,大雨-暴雨/中雨,西风4～5级/北风5～6级
1104,2018/5/7,21℃/16℃,阴/多云,北风4～5级/北风3～4级
1105,2018/5/8,23℃/12℃,多云/晴,东北风3～4级/东北风3～4级
1106,2018/5/9,24℃/14℃,晴/多云,东北风3～4级/东风3～4级
1107,2018/5/10,24℃/16℃,多云/多云,东风4～5级/东南风4～5级
1108,2018/5/11,24℃/18℃,雷阵雨/雷阵雨,东南风3～4级/东南风<3级
1109,2018/5/12,22℃/18℃,雷阵雨/阴,北风3～4级/南风3～4级
1110,2018/5/13,30℃/20℃,多云/多云,南风3～4级/南风3～4级
1111,2018/5/14,32℃/24℃,多云/多云,西南风3～4级/南风3～4级
1112,2018/5/15,34℃/26℃,多云/多云,南风4～5级/西南风4～5级
1113,2018/5/16,35℃/25℃,多云/雷阵雨,西南风4～5级/西南风3～4级
1114,2018/5/17,32℃/24℃,雷阵雨/雷阵雨,西南风4～5级/西风<3级
1115,2018/5/18,30℃/19℃,雷阵雨/雷阵雨,东风4～5级/东北风4～5级
1116,2018/5/19,22℃/19℃,雷阵雨/大雨,东北风4～5级/东风4～5级
1117,2018/5/20,24℃/18℃,雷阵雨/阴,东北风4～5级/东北风3～4级
1118,2018/5/21,23℃/19℃,多云/多云,东北风3～4级/北风<3级
1119,2018/5/22,24℃/18℃,雷阵雨/雷阵雨,西北风3～4级/北风3～4级
1120,2018/5/23,26℃/15℃,多云/晴,东南风3-4级/东南风3-4级
1121,2018/5/24,26℃/20℃,雷阵雨/中雨,东南风3-4级/东南风3-4级
1122,2018/5/25,21℃/18℃,暴雨/中雨,东北风3-4级/东北风3-4级
1123,2018/5/26,24℃/19℃,阴/阴,东北风3-4级/东北风3-4级
1124,2018/5/27,25℃/20℃,晴间多云/多云,无持续风向1-2级/无持续风向1-2级
1125,2018/5/28,30℃/22℃,多云/阴,西风3～4级/东南风<3级
1126,2018/5/29,28℃/22℃,阴/阴,东南风<3级/东南风<3级
1127,2018/5/30,27℃/22℃,阴/阴,东风3～4级/东风3～4级
1128,2018/5/31,24℃/16℃,阵雨/多云,南风1-2级/南风1-2级
1129,2018/6/1,30℃/19℃,多云/多云,东风3～4级/东风3～4级
1130,2018/6/2,27℃/18℃,多云/多云,东风3～4级/东风3～4级
1131,2018/6/3,28℃/19℃,多云/多云,东风3～4级/东风3～4级
1132,2018/6/4,28℃/20℃,阴/阴,东风3-4级/东风3-4级
1133,2018/6/5,30℃/20℃,多云/多云,南风3-4级/南风3-4级
1134,2018/6/6,30℃/20℃,多云/多云,东南风3-4级/东南风3-4级
1135,2018/6/7,32℃/21℃,晴/多云,东风3-4级/东风3-4级
1136,2018/6/8,31℃/22℃,多云/雷阵雨,东风3-4级/东风3-4级
1137,2018/6/9,22℃/19℃,中雨/阵雨,东风3-4级/东风3-4级
1138,2018/6/10,26℃/19℃,阵雨/晴,西北风3-4级/西北风3-4级
1139,2018/6/11,32℃/22℃,晴/晴,西北风3-4级/西北风3-4级
1140,2018/6/12,35℃/23℃,晴/晴,西南风3～4级/南风3～4级
1141,2018/6/13,35℃/23℃,晴/晴,南风3～4级/东南风3～4级
1142,2018/6/14,33℃/22℃,多云/多云,东风3～4级/东南风3～4级
1143,2018/6/15,33℃/22℃,晴/多云,东北风3～4级/东风3～4级
1144,2018/6/16,30℃/21℃,多云/多云,东南风4-5级/东南风4-5级
1145,2018/6/17,30℃/21℃,阴/阴,东南风4～5级/东南风3～4级
1146,2018/6/18,31℃/24℃,多云/阴,东风3～4级/东风3～4级
1147,2018/6/19,28℃/22℃,雷阵雨/大雨,东风3-4级/东风3-4级
1148,2018/6/20,27℃/19℃,阴/多云,东风3～4级/东风3～4级
1149,2018/6/21,30℃/21℃,多云/多云,东风3～4级/东风3～4级
1150,2018/6/22,26℃/20℃,雷阵雨/多云,东风4～5级/东风4～5级
1151,2018/6/23,28℃/21℃,多云/阴,东风3～4级/东风3～4级
1152,2018/6/24,31℃/24℃,雷阵雨/阴,东南风3-4级/东南风3-4级
1153,2018/6/25,34℃/27℃,多云/多云,西南风3-4级/西南风3-4级
1154,2018/6/26,37℃/29℃,多云/多云,西南风4-5级/西南风4-5级
1155,2018/6/27,34℃/28℃,多云/多云,西南风4-5级/西南风4-5级
1156,2018/6/28,27℃/24℃,大雨/阴,西南风4～5级/西南风3～4级
1157,2018/6/29,33℃/24℃,多云/雷阵雨,南风3～4级/东南风3～4级
1158,2018/6/30,30℃/24℃,雷阵雨/雷阵雨,东南风3～4级/东南风3～4级
1159,2018/7/1,32℃/24℃,雷阵雨/多云,东南风3-4级/东南风3-4级
1160,2018/7/2,31℃/25℃,雷阵雨/多云,东南风3～4级/东南风3～4级
1161,2018/7/3,31℃/25℃,多云/多云,东风3-4级/东风3-4级
1162,2018/7/4,33℃/25℃,雷阵雨/雷阵雨,东风<3级/东风3～4级
1163,2018/7/5,27℃/25℃,大雨/大雨,东南风3-4级/东南风3-4级
1164,2018/7/6,27℃/24℃,中雨-大雨/雷阵雨,东风3～4级/东风3～4级
1165,2018/7/7,30℃/25℃,雷阵雨/阴,东风4-5级/东风4-5级
1166,2018/7/8,30℃/24℃,雷阵雨/多云,东风3-4级/东风3-4级
1167,2018/7/9,34℃/27℃,多云/多云,南风3～4级/南风3～4级
1168,2018/7/10,35℃/26℃,多云/多云,东风3～4级/东风3～4级
1169,2018/7/11,33℃/27℃,多云/多云,东风5～6级/东风5～6级
1170,2018/7/12,35℃/27℃,多云/多云,东南风4～5级/东南风3～4级
1171,2018/7/13,35℃/27℃,晴/晴,东南风4-5级/东南风4-5级
1172,2018/7/14,35℃/26℃,晴/晴,东南风3-4级/东南风3-4级
1173,2018/7/15,36℃/27℃,晴/晴,东南风3～4级/东南风3～4级
1174,2018/7/16,35℃/27℃,多云/晴,东南风3～4级/东南风3～4级
1175,2018/7/17,35℃/26℃,多云/多云,东南风4-5级/东南风4-5级
1176,2018/7/18,36℃/27℃,晴/晴,东南风3～4级/东南风3～4级
1177,2018/7/19,35℃/26℃,晴/晴,东南风3-4级/东南风3-4级
1178,2018/7/20,35℃/26℃,晴/多云,东南风3～4级/东南风3～4级
1179,2018/7/21,34℃/26℃,多云/多云,东风3-4级/东风3-4级
1180,2018/7/22,33℃/26℃,大雨/大雨,东北风6-7级/东北风6-7级
1181,2018/7/23,33℃/27℃,多云/多云,西南风4～5级/东南风3～4级
1182,2018/7/24,35℃/28℃,雷阵雨/多云,南风3-4级/南风3-4级
1183,2018/7/25,36℃/28℃,雷阵雨/多云,南风3-4级/南风3-4级
1184,2018/7/26,37℃/27℃,多云/多云,南风3～4级/东南风3～4级
1185,2018/7/27,36℃/27℃,多云/多云,东风3-4级/东风3-4级
1186,2018/7/28,36℃/27℃,多云/多云,东风3-4级/东风3-4级
1187,2018/7/29,36℃/27℃,多云/多云,东风3～4级/东风3～4级
1188,2018/7/30,36℃/26℃,雷阵雨/多云,东风3-4级/东风3-4级
1189,2018/7/31,35℃/26℃,多云/多云,东北风3～4级/东北风3～4级
1190,2018/8/1,35℃/26℃,多云/多云,东风3～4级/东风3～4级
1191,2018/8/2,35℃/26℃,多云/雷阵雨,东北风3-4级/东北风3-4级
1192,2018/8/3,30℃/26℃,大雨/阵雨,东北风6～7级/东风4～5级
1193,2018/8/4,33℃/27℃,多云/多云,南风3-4级/南风3-4级
1194,2018/8/5,36℃/27℃,雷阵雨/多云,东南风3-4级/东南风3-4级
1195,2018/8/6,36℃/28℃,多云/多云,东南风3～4级/东风3～4级
1196,2018/8/7,36℃/27℃,多云/多云,东风3-4级/东风3-4级
1197,2018/8/8,36℃/27℃,多云/多云,东风3-4级/东风3-4级
1198,2018/8/9,36℃/27℃,多云/多云,东风3～4级/东风3～4级
1199,2018/8/10,36℃/28℃,多云/多云,东风3～4级/东风3～4级
1200,2018/8/11,35℃/27℃,多云/多云,东风3-4级/东风3-4级
1201,2018/8/12,31℃/26℃,雷阵雨/中雨,东风4～5级/东北风5～6级
1202,2018/8/13,30℃/26℃,大雨/阴,东北风5-6级/东北风5-6级
1203,2018/8/14,34℃/27℃,多云/多云,东南风4-5级/东南风4-5级
1204,2018/8/15,34℃/26℃,多云/多云,东风3～4级/东风4～5级
1205,2018/8/16,33℃/26℃,雷阵雨/大雨,东北风4-5级/东北风4-5级
1206,2018/8/17,28℃/26℃,暴雨/阵雨,东北风7-8级/东北风7-8级
1207,2018/8/18,33℃/27℃,雷阵雨/雷阵雨,东风5～6级/东风4～5级
1208,2018/8/19,33℃/27℃,多云/多云,东南风4-5级/东南风4-5级
1209,2018/8/20,33℃/27℃,阵雨/雷阵雨,西南风3～4级/西南风3～4级
1210,2018/8/21,31℃/26℃,多云/雷阵雨,北风3-4级/北风3-4级
1211,2018/8/22,30℃/25℃,雷阵雨/多云,东北风4-5级/东北风4-5级
1212,2018/8/23,30℃/22℃,多云/多云,西北风4-5级/西北风4-5级
1213,2018/8/24,31℃/23℃,多云/多云,东北风3-4级/东北风3-4级
1214,2018/8/25,29℃/23℃,雷阵雨/雷阵雨,东北风4～5级/东北风4～5级
1215,2018/8/26,31℃/26℃,雷阵雨/阴,东北风4-5级/东北风4-5级
1216,2018/8/27,33℃/26℃,阴/多云,东风3-4级/东风3-4级
1217,2018/8/28,34℃/26℃,多云/多云,东风3-4级/东风3-4级
1218,2018/8/29,34℃/26℃,多云/多云,东风3-4级/东风3-4级
1219,2018/8/30,34℃/26℃,多云/阴,东风3-4级/东风3-4级
1220,2018/8/31,32℃/25℃,雷阵雨/雷阵雨,东风3-4级/东风3-4级
1221,2018/9/1,30℃/25℃,雷阵雨/阴,东风3-4级/东风3-4级
1222,2018/9/2,32℃/26℃,多云/阴,东南风3-4级/东南风3-4级
1223,2018/9/3,32℃/24℃,雷阵雨/多云,西风4-5级/西风4-5级
1224,2018/9/4,33℃/22℃,晴/晴,西北风4-5级/西北风4-5级
1225,2018/9/5,32℃/22℃,多云/多云,北风3-4级/北风3-4级
1226,2018/9/6,29℃/22℃,阴/阴,西风3-4级/西风3-4级
1227,2018/9/7,27℃/18℃,阴/多云,北风4-5级/北风4-5级
1228,2018/9/8,28℃/17℃,多云/多云,东北风3-4级/东北风3-4级
1229,2018/9/9,28℃/19℃,晴/多云,东北风3-4级/东北风3-4级
1230,2018/9/10,26℃/20℃,多云/多云,东风3-4级/东风3-4级
1231,2018/9/11,28℃/21℃,多云/多云,东风3-4级/东风3-4级
1232,2018/9/12,28℃/22℃,多云/阵雨,东风3-4级/东风3-4级
1233,2018/9/13,26℃/22℃,阵雨/阴,东北风3-4级/东北风3-4级
1234,2018/9/14,31℃/23℃,多云/多云,东北风3-4级/东北风3-4级
1235,2018/9/15,31℃/24℃,多云/多云,东北风3-4级/东北风3-4级
1236,2018/9/16,31℃/24℃,雷阵雨/中雨,东北风3-4级/东北风3-4级
1237,2018/9/17,27℃/23℃,雷阵雨/阴,东北风4-5级/东北风4-5级
1238,2018/9/18,29℃/24℃,阴/多云,东风3-4级/东风3-4级
1239,2018/9/19,32℃/24℃,雷阵雨/雷阵雨,西南风3-4级/西南风3-4级
1240,2018/9/20,29℃/23℃,中雨/雷阵雨,西风3-4级/西风3-4级
1241,2018/9/21,25℃/21℃,阵雨/阴,西北风3-4级/西北风3-4级
1242,2018/9/22,28℃/20℃,多云/多云,南风3-4级/南风3-4级
1243,2018/9/23,27℃/18℃,多云/晴,东北风3-4级/东北风3-4级
1244,2018/9/24,28℃/18℃,晴/多云,东风3-4级/东风3-4级
1245,2018/9/25,25℃/19℃,多云/阴,东北风3-4级/东北风3-4级
1246,2018/9/26,26℃/17℃,多云/多云,东北风3-4级/东北风3-4级
1247,2018/9/27,27℃/18℃,晴/多云,北风3-4级/北风3-4级
1248,2018/9/28,26℃/17℃,多云/晴,东风3-4级/东风3-4级
1249,2018/9/29,27℃/17℃,晴/晴,北风3-4级/北风3-4级
1250,2018/9/30,27℃/15℃,晴/晴,西北风4-5级/西北风4-5级
1251,2018/10/1,25℃/14℃,多云/晴,西北风3-4级/西北风3-4级
1252,2018/10/2,25℃/15℃,多云/多云,西北风1-2级/西北风1-2级
1253,2018/10/3,27℃/14℃,晴/晴,东风3-4级/东风3-4级
1254,2018/10/4,26℃/16℃,晴/多云,东北风3-4级/东北风3-4级
1255,2018/10/5,25℃/16℃,多云/多云,北风4-5级/北风4-5级
1256,2018/10/6,26℃/15℃,多云/多云,西北风3-4级/西北风3-4级
1257,2018/10/7,26℃/17℃,晴/多云,东风3-4级/东风3-4级
1258,2018/10/8,24℃/18℃,多云/小雨,东风3-4级/东风3-4级
1259,2018/10/9,24℃/13℃,小雨/阴,西北风3-4级/西北风3-4级
1260,2018/10/10,20℃/10℃,多云/晴,北风4-5级/北风4-5级
1261,2018/10/11,21℃/9℃,晴/晴,东北风3-4级/东北风3-4级
1262,2018/10/12,21℃/12℃,多云/多云,东北风3-4级/东北风3-4级
1263,2018/10/13,22℃/14℃,晴/多云,东风3-4级/东风3-4级
1264,2018/10/14,21℃/14℃,阴/多云,东风3-4级/东风3-4级
1265,2018/10/15,21℃/15℃,多云/小雨,东风3-4级/东风3-4级
1266,2018/10/16,21℃/13℃,阴/多云,东北风3-4级/东北风3-4级
1267,2018/10/17,22℃/12℃,多云/多云,北风3-4级/北风3-4级
1268,2018/10/18,20℃/10℃,晴/多云,东北风4-5级/东北风4-5级
1269,2018/10/19,20℃/12℃,多云/多云,东北风3-4级/东北风3-4级
1270,2018/10/20,20℃/13℃,阴/多云,东风3-4级/东风3-4级
1271,2018/10/21,21℃/16℃,阵雨/小雨,东风3-4级/东风3-4级
1272,2018/10/22,19℃/13℃,小雨/多云,东北风3-4级/东北风3-4级
1273,2018/10/23,24℃/13℃,多云/晴,东北风3-4级/东北风3-4级
1274,2018/10/24,23℃/15℃,晴/多云,东风3-4级/东风3-4级
1275,2018/10/25,20℃/16℃,小雨/小雨,东南风3-4级/东南风3-4级
1276,2018/10/26,21℃/8℃,晴/晴,西北风4-5级/西北风4-5级
1277,2018/10/27,20℃/9℃,晴/晴,西北风3-4级/西北风3-4级
1278,2018/10/28,24℃/9℃,晴/晴,西风4-5级/西风4-5级
1279,2018/10/29,24℃/11℃,晴/晴,西风3-4级/西风3-4级
1280,2018/10/30,23℃/12℃,晴/多云,东风3-4级/东风3-4级
1281,2018/10/31,21℃/10℃,多云/多云,东北风3-4级/东北风3-4级
1282,2018/11/1,20℃/10℃,晴/多云,东风3-4级/东风3-4级
1283,2018/11/2,20℃/12℃,多云/多云,东风3-4级/东风3-4级
1284,2018/11/3,20℃/14℃,阴/多云,东风3-4级/东风3-4级
1285,2018/11/4,23℃/15℃,多云/阴,东风3-4级/东风3-4级
1286,2018/11/5,20℃/15℃,小雨/小雨,东风3-4级/东风3-4级
1287,2018/11/6,17℃/13℃,中雨/小雨,东北风3-4级/东北风3-4级
1288,2018/11/7,14℃/10℃,小雨/中雨,北风3-4级/北风3-4级
1289,2018/11/8,13℃/6℃,小雨/多云,西北风5-6级/西北风5-6级
1290,2018/11/9,17℃/7℃,晴/多云,东南风1-2级/东南风1-2级
1291,2018/11/10,18℃/12℃,多云/小雨,东风3-4级/东风3-4级
1292,2018/11/11,17℃/11℃,阵雨/多云,北风3-4级/北风3-4级
1293,2018/11/12,17℃/10℃,多云/多云,东北风3-4级/东北风3-4级
1294,2018/11/13,17℃/8℃,多云/多云,东北风3-4级/东北风3-4级
1295,2018/11/14,18℃/11℃,多云/阴,东南风1-2级/东南风1-2级
1296,2018/11/15,15℃/12℃,小雨/小雨,东北风3-4级/东北风3-4级
1297,2018/11/16,16℃/8℃,阴/多云,北风4-5级/北风4-5级
1298,2018/11/17,15℃/9℃,多云/小雨,东北风3-4级/东北风3-4级
1299,2018/11/18,10℃/5℃,小雨/阴,北风3-4级/北风3-4级
1300,2018/11/19,13℃/6℃,多云/多云,东风3-4级/东风3-4级
1301,2018/11/20,16℃/9℃,多云/小雨,东风3-4级/东风3-4级
1302,2018/11/21,14℃/6℃,阴/多云,西北风4-5级/西北风4-5级
1303,2018/11/22,13℃/5℃,多云/多云,北风3-4级/北风3-4级
1304,2018/11/23,16℃/6℃,晴/晴,东南风3-4级/东南风3-4级
1305,2018/11/24,18℃/6℃,晴/晴,北风1-2级/北风1-2级
1306,2018/11/25,18℃/8℃,多云/多云,东风1-2级/东风1-2级
1307,2018/11/26,18℃/8℃,多云/多云,南风1-2级/南风1-2级
1308,2018/11/27,14℃/7℃,多云/多云,东风1-2级/东风1-2级
1309,2018/11/28,18℃/8℃,多云/多云,东南风1-2级/东南风1-2级
1310,2018/11/29,18℃/8℃,多云/多云,北风1-2级/北风1-2级
1311,2018/11/30,18℃/9℃,多云/多云,东风1-2级/东风1-2级
1312,2018/12/1,18℃/11℃,多云/阴,东风1-2级/东风1-2级
1313,2018/12/2,16℃/11℃,小雨/多云,东南风1-2级/东南风1-2级
1314,2018/12/3,16℃/11℃,小雨/中雨,东北风3-4级/东北风3-4级
1315,2018/12/4,10℃/7℃,阴/阴,北风4-5级/北风4-5级
1316,2018/12/5,12℃/8℃,小雨/中雨,东北风4-5级/东北风4-5级
1317,2018/12/6,8℃/3℃,小雨/小雨,东北风4-5级/东北风4-5级
1318,2018/12/7,4℃/0℃,阴/阴,东北风4-5级/东北风4-5级
1319,2018/12/8,2℃/0℃,阴/小雪,东北风4-5级/东北风4-5级
1320,2018/12/9,5℃/0℃,阴/小雨,东北风3-4级/东北风3-4级
1321,2018/12/10,6℃/3℃,小雨/小雨,东北风3-4级/东北风3-4级
1322,2018/12/11,6℃/-2℃,小雨/多云,西北风4-5级/西北风4-5级
1323,2018/12/12,5℃/-3℃,多云/晴,北风3-4级/北风3-4级
1324,2018/12/13,7℃/-2℃,晴/晴,无持续风向1-2级/无持续风向1-2级
1325,2018/12/14,10℃/0℃,晴/多云,东北风1-2级/东北风1-2级
1326,2018/12/15,8℃/3℃,阴/阴,东风3-4级/东风3-4级
1327,2018/12/16,10℃/1℃,多云/晴,西风3-4级/西风3-4级
1328,2018/12/17,13℃/1℃,晴/晴,西风3-4级/西风3-4级
1329,2018/12/18,15℃/2℃,晴/多云,西南风3-4级/西南风3-4级
1330,2018/12/19,12℃/7℃,小雨/小雨,东南风3-4级/东南风3-4级
1331,2018/12/20,15℃/6℃,多云/多云,东风1-2级/东风1-2级
1332,2018/12/21,14℃/9℃,多云/小雨,东北风1-2级/东北风1-2级
1333,2018/12/22,12℃/5℃,小到中雨/小雨,东北风3-4级/东北风3-4级
1334,2018/12/23,11℃/2℃,多云/多云,北风4-5级/北风4-5级
1335,2018/12/24,11℃/5℃,多云/阴,东风3-4级/东风3-4级
1336,2018/12/25,10℃/7℃,小雨/小雨,东风3-4级/东风3-4级
1337,2018/12/26,8℃/4℃,小雨/小雨,东北风4-5级/东北风4-5级
1338,2018/12/27,5℃/-2℃,阴/阴,东北风4-5级/东北风4-5级
1339,2018/12/28,1℃/-4℃,多云/多云,北风4-5级/北风4-5级
1340,2018/12/29,1℃/-4℃,多云/多云,东北风3-4级/东北风3-4级
1341,2018/12/30,1℃/-2℃,小雪/小雪,东北风3-4级/东北风3-4级
1342,2018/12/31,5℃/-3℃,阴/阴,东北风3-4级/东北风3-4级
1343,2019/1/1,5℃/-2℃,多云/多云,北风1-2级/北风1-2级
1344,2019/1/2,4℃/0℃,多云/多云,东风3-4级/东风3-4级
1345,2019/1/3,8℃/3℃,阴/小雨,东南风3-4级/东南风3-4级
1346,2019/1/4,7℃/4℃,小雨/阴,北风3-4级/北风3-4级
1347,2019/1/5,5℃/3℃,小雨/小雨,北风3-4级/北风3-4级
1348,2019/1/6,4℃/2℃,多云/多云,东北风1-2级/东北风1-2级
1349,2019/1/7,6℃/4℃,小雨/阴,东北风3-4级/东北风3-4级
1350,2019/1/8,6℃/2℃,阴/小雪,北风3-4级/北风3-4级
1351,2019/1/9,2℃/0℃,大雪/雨夹雪,东风3-4级/东风3-4级
1352,2019/1/10,4℃/2℃,阴/小雨,东北风3-4级/东北风3-4级
1353,2019/1/11,6℃/3℃,小雨/小雨,北风1-2级/北风1-2级
1354,2019/1/12,6℃/1℃,阴/多云,东风1-2级/东风1-2级
1355,2019/1/13,8℃/0℃,多云/多云,东北风1-2级/东北风1-2级
1356,2019/1/14,8℃/2℃,多云/阴,东风1-2级/东风1-2级
1357,2019/1/15,6℃/-2℃,多云/多云,无持续风向1-2级/无持续风向1-2级
1358,2019/1/16,4℃/-2℃,多云/晴,东北风3-4级/东北风3-4级
1359,2019/1/17,8℃/-1℃,晴/多云,西南风1-2级/西南风1-2级
1360,2019/1/18,11℃/0℃,晴/多云,东风1-2级/东风1-2级
1361,2019/1/19,8℃/1℃,多云/晴,西风1-2级/西风1-2级
1362,2019/1/20,7℃/-2℃,多云/多云,北风1-2级/北风1-2级
1363,2019/1/21,8℃/0℃,多云/多云,西风1-2级/西风1-2级
1364,2019/1/22,11℃/-1℃,晴/晴,西风3-4级/西风3-4级
1365,2019/1/23,13℃/-1℃,晴/晴,西风1-2级/西风1-2级
1366,2019/1/24,14℃/2℃,晴/多云,东风1-2级/东风1-2级
1367,2019/1/25,10℃/-2℃,多云/晴,东北风4-5级/东北风4-5级
1368,2019/1/26,4℃/-2℃,晴/晴,东北风3-4级/东北风3-4级
1369,2019/1/27,9℃/-1℃,晴/多云,东北风1-2级/东北风1-2级
1370,2019/1/28,9℃/4℃,多云/多云,东北风1-2级/东北风1-2级
1371,2019/1/29,9℃/5℃,阴/阴,东风1-2级/东风1-2级
1372,2019/1/30,8℃/1℃,小雨/雨夹雪,东北风4-5级/东北风4-5级
1373,2019/1/31,4℃/-3℃,小雪/多云,北风5-6级/北风5-6级
1374,2019/2/1,7℃/1℃,多云/多云,西南风3-4级/西南风3-4级
1375,2019/2/2,9℃/3℃,阴/小雨,南风3-4级/南风3-4级
1376,2019/2/3,8℃/0℃,小雨/晴,西北风1-2级/西北风1-2级
1377,2019/2/4,10℃/-1℃,晴/多云,东风3-4级/东风3-4级
1378,2019/2/5,11℃/4℃,阴/多云,南风1-2级/南风1-2级
1379,2019/2/6,16℃/6℃,多云/小雨,南风3-4级/南风3-4级
1380,2019/2/7,4℃/0℃,小雨/中雨,东北风5-6级/东北风5-6级
1381,2019/2/8,2℃/-1℃,小雪/中雪,东北风1-2级/东北风1-2级
1382,2019/2/9,1℃/-1℃,阴/阴,东北风1-2级/东北风1-2级
1383,2019/2/10,1℃/-2℃,小雪/多云,东北风1-2级/东北风1-2级
1384,2019/2/11,4℃/0℃,多云/阴,东风1-2级/东风1-2级
1385,2019/2/12,4℃/2℃,中雨/小雨,东风1-2级/东风1-2级
1386,2019/2/13,6℃/2℃,小雨/中雨,东风1-2级/东风1-2级
1387,2019/2/14,5℃/3℃,小雨/小雨,东风1-2级/东风1-2级
1388,2019/2/15,6℃/2℃,小雨/阴,北风1-2级/北风1-2级
1389,2019/2/16,5℃/1℃,多云/多云,东北风3-4级/东北风3-4级
1390,2019/2/17,7℃/2℃,阴/中雨,东北风3-4级/东北风3-4级
1391,2019/2/18,6℃/2℃,中雨/小雨,东风1-2级/东风1-2级
1392,2019/2/19,6℃/3℃,阴/阴,西风1-2级/西风1-2级
1393,2019/2/20,6℃/3℃,小雨/阴,东北风3-4级/东北风3-4级
1394,2019/2/21,7℃/2℃,小雨/雨夹雪,东风1-2级/东风1-2级
1395,2019/2/22,6℃/-1℃,雨夹雪/多云,北风1-2级/北风1-2级
1396,2019/2/23,10℃/1℃,多云/多云,东北风1-2级/东北风1-2级
1397,2019/2/24,9℃/0℃,多云/多云,东北风1-2级/东北风1-2级
1398,2019/2/25,14℃/2℃,多云/多云,东北风1-2级/东北风1-2级
1399,2019/2/26,12℃/5℃,小雨/小雨,东风1-2级/东风1-2级
1400,2019/2/27,8℃/4℃,小雨/阴,东北风1-2级/东北风1-2级
1401,2019/2/28,10℃/5℃,阴/多云,东风1-2级/东风1-2级
1402,2019/3/1,11℃/6℃,小雨/小雨,东风1-2级/东风1-2级
1403,2019/3/2,9℃/6℃,小雨/阴,东风1-2级/东风1-2级
1404,2019/3/3,9℃/5℃,阴/多云,西北风1-2级/西北风1-2级
1405,2019/3/4,9℃/2℃,阴/小雨,东风1-2级/东风1-2级
1406,2019/3/5,9℃/6℃,小雨/多云,东南风1-2级/东南风1-2级
1407,2019/3/6,15℃/3℃,多云/晴,北风1-2级/北风1-2级
1408,2019/3/7,12℃/2℃,晴/多云,东北风3-4级/东北风3-4级
1409,2019/3/8,12℃/5℃,多云/多云,东风1-2级/东风1-2级
1410,2019/3/9,15℃/5℃,阴/多云,西风1-2级/西风1-2级
1411,2019/3/10,16℃/6℃,晴/多云,西北风1-2级/西北风1-2级
1412,2019/3/11,18℃/6℃,晴/多云,西北风1-2级/西北风1-2级
1413,2019/3/12,19℃/4℃,晴/晴,西北风3-4级/西北风3-4级
1414,2019/3/13,17℃/9℃,多云/多云,东南风1-2级/东南风1-2级
1415,2019/3/14,19℃/7℃,多云/多云,西风1-2级/西风1-2级
1416,2019/3/15,20℃/5℃,多云/多云,西北风1-2级/西北风1-2级
1417,2019/3/16,19℃/9℃,多云/多云,西南风1-2级/西南风1-2级
1418,2019/3/17,22℃/11℃,多云/小雨,东风1-2级/东风1-2级
1419,2019/3/18,16℃/7℃,阴/多云,东风1-2级/东风1-2级
1420,2019/3/19,22℃/11℃,多云/小雨,东南风1-2级/东南风1-2级
1421,2019/3/20,23℃/14℃,雷阵雨/多云,西南风3-4级/西南风3-4级
1422,2019/3/21,17℃/8℃,阴/阴,东北风4-5级/东北风4-5级
1423,2019/3/22,12℃/4℃,多云/多云,东北风1-2级/东北风1-2级
1424,2019/3/23,16℃/5℃,晴/晴,北风1-2级/北风1-2级
1425,2019/3/24,15℃/8℃,多云/阴,南风1-2级/南风1-2级
1426,2019/3/25,17℃/8℃,多云/晴,西风1-2级/西风1-2级
1427,2019/3/26,22℃/9℃,多云/多云,南风1-2级/南风1-2级
1428,2019/3/27,19℃/12℃,小雨/阴,西南风1-2级/西南风1-2级
1429,2019/3/28,19℃/10℃,多云/多云,东风1-2级/东风1-2级
1430,2019/3/29,20℃/11℃,多云/多云,东南风1-2级/东南风1-2级
1431,2019/3/30,16℃/8℃,多云/多云,西北风3-4级/西北风3-4级
1432,2019/3/31,16℃/6℃,多云/晴,东风1-2级/东风1-2级
1433,2019/4/1,18℃/8℃,晴/多云,南风1-2级/南风1-2级
1434,2019/4/2,18℃/8℃,多云/多云,东南风1-2级/东南风1-2级
1435,2019/4/3,21℃/10℃,多云/多云,东北风1-2级/东北风1-2级
1436,2019/4/4,19℃/11℃,多云/晴,东南风1-2级/东南风1-2级
1437,2019/4/5,25℃/14℃,晴/晴,西风1-2级/西风1-2级
1438,2019/4/6,27℃/15℃,多云/晴,西南风1-2级/西南风1-2级
1439,2019/4/7,31℃/16℃,晴/晴,西风1-2级/西风1-2级
1440,2019/4/8,30℃/18℃,多云/小雨,东南风1-2级/东南风1-2级
1441,2019/4/9,22℃/10℃,中雨/多云,西北风5-6级/西北风5-6级
1442,2019/4/10,15℃/9℃,多云/阴,北风3-4级/北风3-4级
1443,2019/4/11,16℃/8℃,阴/多云,东风1-2级/东风1-2级
1444,2019/4/12,21℃/10℃,晴/多云,东南风1-2级/东南风1-2级
1445,2019/4/13,22℃/12℃,多云/多云,东南风1-2级/东南风1-2级
1446,2019/4/14,20℃/8℃,多云/晴,北风1-2级/北风1-2级
1447,2019/4/15,21℃/12℃,多云/阴,东南风1-2级/东南风1-2级
1448,2019/4/16,23℃/12℃,阴/多云,南风1-2级/南风1-2级
1449,2019/4/17,27℃/15℃,晴/晴,西南风1-2级/西南风1-2级
1450,2019/4/18,29℃/16℃,多云/多云,南风1-2级/南风1-2级
1451,2019/4/19,26℃/17℃,多云/阴,东风3-4级/东风3-4级
1452,2019/4/20,25℃/18℃,阵雨/阵雨,东风1-2级/东风1-2级
1453,2019/4/21,22℃/18℃,雷阵雨/小雨,东北风1-2级/东北风1-2级
1454,2019/4/22,22℃/17℃,阴/阴,东风3-4级/东风3-4级
1455,2019/4/23,25℃/19℃,阴/阵雨,西风1-2级/西风1-2级
1456,2019/4/24,25℃/16℃,多云/多云,东北风1-2级/东北风1-2级
1457,2019/4/25,25℃/12℃,多云/多云,北风3-4级/北风3-4级
1458,2019/4/26,14℃/10℃,阴/多云,东北风4-5级/东北风4-5级
1459,2019/4/27,20℃/11℃,多云/雷阵雨,东风4-5级/东风4-5级
1460,2019/4/28,18℃/14℃,多云/中雨,东北风1-2级/东北风1-2级
1461,2019/4/29,16℃/13℃,小雨/阴,北风1-2级/北风1-2级
1462,2019/4/30,21℃/15℃,多云/多云,东北风1-2级/东北风1-2级
1463,2019/5/1,24℃/13℃,晴/晴,北风1-2级/北风1-2级
1464,2019/5/2,25℃/11℃,晴/晴,东风1-2级/东风1-2级
1465,2019/5/3,26℃/15℃,晴/多云,东风1-2级/东风1-2级
1466,2019/5/4,28℃/16℃,多云/多云,东南风3-4级/东南风3-4级
1467,2019/5/5,28℃/15℃,多云/多云,东风1-2级/东风1-2级
1468,2019/5/6,21℃/11℃,多云/阴,东北风1-2级/东北风1-2级
1469,2019/5/7,22℃/13℃,多云/多云,东风1-2级/东风1-2级
1470,2019/5/8,22℃/12℃,多云/多云,东南风1-2级/东南风1-2级
1471,2019/5/9,26℃/14℃,晴/晴,东南风1-2级/东南风1-2级
1472,2019/5/10,29℃/16℃,晴/多云,西南风1-2级/西南风1-2级
1473,2019/5/11,30℃/18℃,晴/晴,东南风1-2级/东南风1-2级
1474,2019/5/12,31℃/20℃,多云/多云,东南风1-2级/东南风1-2级
1475,2019/5/13,29℃/17℃,阴/多云,东风1-2级/东风1-2级
1476,2019/5/14,29℃/19℃,雷阵雨/雷阵雨,东南风1-2级/东南风1-2级
1477,2019/5/15,23℃/19℃,阴/阴,东风3-4级/东风3-4级
1478,2019/5/16,26℃/20℃,阴/阴,东风1-2级/东风1-2级
1479,2019/5/17,27℃/20℃,小雨/多云,东北风1-2级/东北风1-2级
1480,2019/5/18,25℃/17℃,阴/多云,东北风1-2级/东北风1-2级
1481,2019/5/19,26℃/20℃,多云/多云,北风1-2级/北风1-2级
1482,2019/5/20,27℃/15℃,多云/晴,北风3-4级/北风3-4级
1483,2019/5/21,28℃/15℃,晴/晴,西南风1-2级/西南风1-2级
1484,2019/5/22,31℃/17℃,晴/晴,西南风1-2级/西南风1-2级
1485,2019/5/23,33℃/19℃,晴/晴,东南风1-2级/东南风1-2级
1486,2019/5/24,35℃/22℃,晴/雷阵雨,东南风1-2级/东南风1-2级
1487,2019/5/25,28℃/21℃,大雨/大雨,东南风3-4级/东南风3-4级
1488,2019/5/26,26℃/23℃,中雨/小雨,西南风1-2级/西南风1-2级
1489,2019/5/27,26℃/14℃,多云/多云,北风3-4级/北风3-4级
1490,2019/5/28,26℃/18℃,多云/多云,东北风1-2级/东北风1-2级
1491,2019/5/29,26℃/18℃,多云/阴,东南风1-2级/东南风1-2级
1492,2019/5/30,23℃/17℃,小雨/小雨,东南风1-2级/东南风1-2级
1493,2019/5/31,27℃/18℃,多云/多云,东风1-2级/东风1-2级
1494,2019/6/1,29℃/18℃,多云/多云,东南风1-2级/东南风1-2级
1495,2019/6/2,30℃/19℃,晴/晴,东南风1-2级/东南风1-2级
1496,2019/6/3,33℃/21℃,晴/晴,东南风1-2级/东南风1-2级
1497,2019/6/4,35℃/22℃,晴/多云,南风3-4级/南风3-4级
1498,2019/6/5,35℃/25℃,多云/雷阵雨,东南风1-2级/东南风1-2级
1499,2019/6/6,25℃/20℃,中雨/多云,西风5-6级/西风5-6级
1500,2019/6/7,30℃/20℃,晴/多云,东北风1-2级/东北风1-2级
1501,2019/6/8,31℃/22℃,多云/多云,东南风1-2级/东南风1-2级
1502,2019/6/9,32℃/22℃,阴/多云,东南风1-2级/东南风1-2级
1503,2019/6/10,30℃/18℃,晴/晴,东北风3-4级/东北风3-4级
1504,2019/6/11,30℃/20℃,多云/多云,东风1-2级/东风1-2级
1505,2019/6/12,28℃/20℃,多云/多云,东风1-2级/东风1-2级
1506,2019/6/13,25℃/18℃,多云/多云,东南风1-2级/东南风1-2级
1507,2019/6/14,28℃/20℃,晴/晴,东北风1-2级/东北风1-2级
1508,2019/6/15,34℃/23℃,多云/多云,西风1-2级/西风1-2级
1509,2019/6/16,31℃/25℃,多云/多云,南风1-2级/南风1-2级
1510,2019/6/17,30℃/21℃,阴/中雨,南风1-2级/南风1-2级
1511,2019/6/18,26℃/21℃,阴/多云,东南风1-2级/东南风1-2级
1512,2019/6/19,27℃/22℃,阴/小雨,东风1-2级/东风1-2级
1513,2019/6/20,25℃/21℃,中雨/大雨,东风1-2级/东风1-2级
1514,2019/6/21,27℃/20℃,阴/多云,东风1-2级/东风1-2级
1515,2019/6/22,27℃/18℃,多云/多云,东北风1-2级/东北风1-2级
1516,2019/6/23,28℃/20℃,晴/晴,东风1-2级/东风1-2级
1517,2019/6/24,29℃/21℃,多云/阴,东南风3-4级/东南风3-4级
1518,2019/6/25,27℃/21℃,阵雨/阵雨,东南风4-5级/东南风4-5级
1519,2019/6/26,28℃/21℃,阵雨/多云,东北风1-2级/东北风1-2级
1520,2019/6/27,29℃/24℃,多云/多云,东南风1-2级/东南风1-2级
1521,2019/6/28,34℃/27℃,雷阵雨/大雨,南风1-2级/南风1-2级
1522,2019/6/29,27℃/23℃,小雨/阴,西北风3-4级/西北风3-4级
1523,2019/6/30,30℃/23℃,多云/多云,西南风1-2级/西南风1-2级
1524,2019/7/1,31℃/22℃,多云/多云,东南风1-2级/东南风1-2级
1525,2019/7/2,30℃/23℃,多云/多云,东风1-2级/东风1-2级
1526,2019/7/3,29℃/22℃,多云/多云,东风1-2级/东风1-2级
1527,2019/7/4,30℃/22℃,多云/多云,东南风1-2级/东南风1-2级
1528,2019/7/5,31℃/22℃,多云/多云,东南风1-2级/东南风1-2级
1529,2019/7/6,31℃/24℃,雷阵雨/雷阵雨,东南风3-4级/东南风3-4级
1530,2019/7/7,31℃/21℃,多云/多云,西北风1-2级/西北风1-2级
1531,2019/7/8,29℃/23℃,阵雨/阵雨,东北风1-2级/东北风1-2级
1532,2019/7/9,25℃/21℃,阵雨/阴,东北风1-2级/东北风1-2级
1533,2019/7/10,28℃/21℃,多云/晴,东北风1-2级/东北风1-2级
1534,2019/7/11,30℃/23℃,多云/阴,北风1-2级/北风1-2级
1535,2019/7/12,28℃/22℃,阵雨/阵雨,东南风1-2级/东南风1-2级
1536,2019/7/13,26℃/20℃,阴/多云,东风1-2级/东风1-2级
1537,2019/7/14,30℃/22℃,晴/晴,南风1-2级/南风1-2级
1538,2019/7/15,32℃/23℃,多云/多云,东风1-2级/东风1-2级
1539,2019/7/16,31℃/24℃,多云/阵雨,东风3-4级/东风3-4级
1540,2019/7/17,31℃/26℃,雷阵雨/阵雨,北风1-2级/北风1-2级
1541,2019/7/18,31℃/26℃,阵雨/阴,东风1-2级/东风1-2级
1542,2019/7/19,32℃/25℃,雷阵雨/多云,东北风3-4级/东北风3-4级
1543,2019/7/20,32℃/25℃,多云/多云,东北风1-2级/东北风1-2级
1544,2019/7/21,34℃/26℃,晴/晴,东南风1-2级/东南风1-2级
1545,2019/7/22,36℃/28℃,晴/晴,东风1-2级/东风1-2级
1546,2019/7/23,36℃/29℃,多云/多云,西南风3-4级/西南风3-4级
1547,2019/7/24,36℃/29℃,多云/多云,西南风3-4级/西南风3-4级
1548,2019/7/25,36℃/29℃,多云/多云,西风1-2级/西风1-2级
1549,2019/7/26,36℃/26℃,多云/雷阵雨,西南风3-4级/西南风3-4级
1550,2019/7/27,37℃/29℃,多云/晴,东南风1-2级/东南风1-2级
1551,2019/7/28,37℃/29℃,晴/晴,南风1-2级/南风1-2级
1552,2019/7/29,38℃/29℃,晴/晴,西南风3-4级/西南风3-4级
1553,2019/7/30,38℃/29℃,晴/晴,西南风1-2级/西南风1-2级
1554,2019/7/31,38℃/28℃,多云/阴,西南风4-5级/西南风4-5级
1555,2019/8/1,37℃/28℃,多云/多云,东南风1-2级/东南风1-2级
1556,2019/8/2,36℃/26℃,多云/晴,东南风1-2级/东南风1-2级
1557,2019/8/3,35℃/26℃,晴/多云,东风3-4级/东风3-4级
1558,2019/8/4,32℃/27℃,阵雨/阴,东风1-2级/东风1-2级
1559,2019/8/5,33℃/27℃,多云/多云,东南风3-4级/东南风3-4级
1560,2019/8/6,34℃/26℃,多云/晴,东风1-2级/东风1-2级
1561,2019/8/7,34℃/27℃,晴/多云,东风1-2级/东风1-2级
1562,2019/8/8,33℃/27℃,小雨/多云,东风1-2级/东风1-2级
1563,2019/8/9,33℃/27℃,雷阵雨/中雨,东北风3-4级/东北风3-4级
1564,2019/8/10,28℃/26℃,大雨/中雨,北风6-7级/北风6-7级
1565,2019/8/11,29℃/24℃,阴/阴,西风4-5级/西风4-5级
1566,2019/8/12,32℃/25℃,晴/晴,西风4-5级/西风4-5级
1567,2019/8/13,34℃/25℃,多云/多云,西北风1-2级/西北风1-2级
1568,2019/8/14,34℃/25℃,多云/多云,西风3-4级/西风3-4级
1569,2019/8/15,33℃/24℃,晴/晴,西北风1-2级/西北风1-2级
1570,2019/8/16,35℃/23℃,多云/多云,西风1-2级/西风1-2级
1571,2019/8/17,34℃/24℃,多云/多云,北风1-2级/北风1-2级
1572,2019/8/18,31℃/24℃,多云/多云,东风1-2级/东风1-2级
1573,2019/8/19,32℃/22℃,晴/多云,东风3-4级/东风3-4级
1574,2019/8/20,32℃/24℃,多云/晴,东风1-2级/东风1-2级
1575,2019/8/21,33℃/24℃,多云/多云,东风1-2级/东风1-2级
1576,2019/8/22,33℃/24℃,多云/多云,东北风1-2级/东北风1-2级
1577,2019/8/23,34℃/24℃,多云/多云,东北风1-2级/东北风1-2级
1578,2019/8/24,34℃/26℃,多云/多云,东北风3-4级/东北风3-4级
1579,2019/8/25,32℃/27℃,雷阵雨/阴,东风4-5级/东风4-5级
1580,2019/8/26,34℃/27℃,多云/多云,东风1-2级/东风1-2级
1581,2019/8/27,35℃/25℃,雷阵雨/雷阵雨,西北风3-4级/西北风3-4级
1582,2019/8/28,28℃/23℃,阵雨/多云,东北风1-2级/东北风1-2级
1583,2019/8/29,29℃/21℃,阴/晴,西南风1-2级/西南风1-2级
1584,2019/8/30,30℃/22℃,多云/多云,东北风1-2级/东北风1-2级
1585,2019/8/31,30℃/23℃,多云/多云,东风1-2级/东风1-2级
1586,2019/9/1,25℃/20℃,小雨/大雨,东南风1-2级/东南风1-2级
1587,2019/9/2,25℃/21℃,中雨/中雨,东北风1-2级/东北风1-2级
1588,2019/9/3,25℃/21℃,小雨/多云,东北风1-2级/东北风1-2级
1589,2019/9/4,27℃/22℃,多云/小雨,东北风1-2级/东北风1-2级
1590,2019/9/5,27℃/21℃,阵雨/阵雨,东北风1-2级/东北风1-2级
1591,2019/9/6,27℃/23℃,雷阵雨/阴,东北风3-4级/东北风3-4级
1592,2019/9/7,30℃/22℃,晴/晴,西北风1-2级/西北风1-2级
1593,2019/9/8,31℃/21℃,多云/多云,东北风1-2级/东北风1-2级
1594,2019/9/9,30℃/22℃,晴/晴,北风1-2级/北风1-2级
1595,2019/9/10,31℃/24℃,多云/多云,东北风1-2级/东北风1-2级
1596,2019/9/11,31℃/24℃,多云/多云,东北风1-2级/东北风1-2级
1597,2019/9/12,31℃/23℃,多云/多云,东风1-2级/东风1-2级
1598,2019/9/13,32℃/24℃,晴/多云,东风3-4级/东风3-4级
1599,2019/9/14,32℃/23℃,多云/多云,北风1-2级/北风1-2级
1600,2019/9/15,30℃/20℃,多云/多云,东北风1-2级/东北风1-2级
1601,2019/9/16,29℃/20℃,多云/多云,东北风1-2级/东北风1-2级
1602,2019/9/17,29℃/22℃,晴/多云,东北风1-2级/东北风1-2级
1603,2019/9/18,30℃/17℃,多云/多云,东北风1-2级/东北风1-2级
1604,2019/9/19,26℃/18℃,多云/晴,东北风1-2级/东北风1-2级
1605,2019/9/20,27℃/18℃,晴/晴,东北风1-2级/东北风1-2级
1606,2019/9/21,27℃/20℃,多云/多云,北风4-5级/北风4-5级
1607,2019/9/22,28℃/17℃,多云/晴,北风3-4级/北风3-4级
1608,2019/9/23,27℃/15℃,晴/晴,西北风3-4级/西北风3-4级
1609,2019/9/24,30℃/19℃,多云/多云,西风1-2级/西风1-2级
